,code,description,primary_category,subcategory
0,00.0,Therapeutic Ultrasound,"Procedures And Interventions , Not Elsewhere Classified","Procedures And Interventions, Not Elsewhere Classified"
1,00.1,Pharmaceuticals,"Procedures And Interventions , Not Elsewhere Classified","Procedures And Interventions, Not Elsewhere Classified"
2,00.2,Intravascular Imaging Of Blood Vessels,"Procedures And Interventions , Not Elsewhere Classified","Procedures And Interventions, Not Elsewhere Classified"
3,00.3,Computer Assisted Surgery (Cas),"Procedures And Interventions , Not Elsewhere Classified","Procedures And Interventions, Not Elsewhere Classified"
4,00.4,Adjunct Vascular System Procedures,"Procedures And Interventions , Not Elsewhere Classified","Procedures And Interventions, Not Elsewhere Classified"
5,00.5,Other Cardiovascular Procedures,"Procedures And Interventions , Not Elsewhere Classified","Procedures And Interventions, Not Elsewhere Classified"
6,00.6,Procedures On Blood Vessels,"Procedures And Interventions , Not Elsewhere Classified","Procedures And Interventions, Not Elsewhere Classified"
7,00.7,Other Hip Procedures,"Procedures And Interventions , Not Elsewhere Classified","Procedures And Interventions, Not Elsewhere Classified"
8,00.8,Other Knee Procedures,"Procedures And Interventions , Not Elsewhere Classified","Procedures And Interventions, Not Elsewhere Classified"
9,00.9,Other Procedures And Interventions,"Procedures And Interventions , Not Elsewhere Classified","Procedures And Interventions, Not Elsewhere Classified"
10,01.0,Cranial Puncture,Operations On The Nervous System,"Incision And Excision Of Skull, Brain, And Cerebral Meninges"
11,01.1,"Diagnostic Procedures On Skull, Brain, And Cerebral Meninges",Operations On The Nervous System,"Incision And Excision Of Skull, Brain, And Cerebral Meninges"
12,01.2,Craniotomy And Craniectomy,Operations On The Nervous System,"Incision And Excision Of Skull, Brain, And Cerebral Meninges"
13,01.3,Incision Of Brain And Cerebral Meninges,Operations On The Nervous System,"Incision And Excision Of Skull, Brain, And Cerebral Meninges"
14,01.4,Operations On Thalamus And Globus Pallidus,Operations On The Nervous System,"Incision And Excision Of Skull, Brain, And Cerebral Meninges"
15,01.5,Other Excision Or Destruction Of Brain And Meninges,Operations On The Nervous System,"Incision And Excision Of Skull, Brain, And Cerebral Meninges"
16,01.6,Excision of lesion of skull,Operations On The Nervous System,"Incision And Excision Of Skull, Brain, And Cerebral Meninges"
17,02.0,Cranioplasty,Operations On The Nervous System,"Other Operations On Skull, Brain, And Cerebral Meninges"
18,02.1,Repair Of Cerebral Meninges,Operations On The Nervous System,"Other Operations On Skull, Brain, And Cerebral Meninges"
19,02.2,Ventriculostomy,Operations On The Nervous System,"Other Operations On Skull, Brain, And Cerebral Meninges"
20,02.3,Extracranial Ventricular Shunt,Operations On The Nervous System,"Other Operations On Skull, Brain, And Cerebral Meninges"
21,02.4,"Revision, Removal, And Irrigation Of Ventricular Shunt",Operations On The Nervous System,"Other Operations On Skull, Brain, And Cerebral Meninges"
22,02.9,"Other Operations On Skull, Brain, And Cerebral Meninges",Operations On The Nervous System,"Other Operations On Skull, Brain, And Cerebral Meninges"
23,03.0,Exploration And Decompression Of Spinal Canal Structures,Operations On The Nervous System,Operations On Spinal Cord And Spinal Canal Structures
24,03.1,Division of intraspinal nerve root,Operations On The Nervous System,Operations On Spinal Cord And Spinal Canal Structures
25,03.2,Chordotomy,Operations On The Nervous System,Operations On Spinal Cord And Spinal Canal Structures
26,03.3,Diagnostic Procedures On Spinal Cord And Spinal Canal Structures,Operations On The Nervous System,Operations On Spinal Cord And Spinal Canal Structures
27,03.4,Excision or destruction of lesion of spinal cord or spinal meninges,Operations On The Nervous System,Operations On Spinal Cord And Spinal Canal Structures
28,03.5,Plastic Operations On Spinal Cord Structures,Operations On The Nervous System,Operations On Spinal Cord And Spinal Canal Structures
29,03.6,Lysis of adhesions of spinal cord and nerve roots,Operations On The Nervous System,Operations On Spinal Cord And Spinal Canal Structures
30,03.7,Shunt Of Spinal Theca,Operations On The Nervous System,Operations On Spinal Cord And Spinal Canal Structures
31,03.8,Injection of destructive agent into spinal canal,Operations On The Nervous System,Operations On Spinal Cord And Spinal Canal Structures
32,03.9,Other Operations On Spinal Cord And Spinal Canal Structures,Operations On The Nervous System,Operations On Spinal Cord And Spinal Canal Structures
33,04.0,"Incision, Division, And Excision Of Cranial And Peripheral Nerves",Operations On The Nervous System,Operations On Cranial And Peripheral Nerves
34,04.1,Diagnostic Procedures On Peripheral Nervous System,Operations On The Nervous System,Operations On Cranial And Peripheral Nerves
35,04.2,Destruction of cranial and peripheral nerves,Operations On The Nervous System,Operations On Cranial And Peripheral Nerves
36,04.3,Suture of cranial and peripheral nerves,Operations On The Nervous System,Operations On Cranial And Peripheral Nerves
37,04.4,Lysis Of Adhesions And Decompression Of Cranial And Peripheral Nerves,Operations On The Nervous System,Operations On Cranial And Peripheral Nerves
38,04.5,Cranial or peripheral nerve graft,Operations On The Nervous System,Operations On Cranial And Peripheral Nerves
39,04.6,Transposition of cranial and peripheral nerves,Operations On The Nervous System,Operations On Cranial And Peripheral Nerves
40,04.7,Other Cranial Or Peripheral Neuroplasty,Operations On The Nervous System,Operations On Cranial And Peripheral Nerves
41,04.8,Injection Into Peripheral Nerve,Operations On The Nervous System,Operations On Cranial And Peripheral Nerves
42,04.9,Other Operations On Cranial And Peripheral Nerves,Operations On The Nervous System,Operations On Cranial And Peripheral Nerves
43,05.0,Division of sympathetic nerve or ganglion,Operations On The Nervous System,Operations On Sympathetic Nerves Or Ganglia
44,05.1,Diagnostic Procedures On Sympathetic Nerves Or Ganglia,Operations On The Nervous System,Operations On Sympathetic Nerves Or Ganglia
45,05.2,Sympathectomy,Operations On The Nervous System,Operations On Sympathetic Nerves Or Ganglia
46,05.3,Injection Into Sympathetic Nerve Or Ganglion,Operations On The Nervous System,Operations On Sympathetic Nerves Or Ganglia
47,05.8,Other Operations On Sympathetic Nerves Or Ganglion,Operations On The Nervous System,Operations On Sympathetic Nerves Or Ganglia
48,05.9,Other operations on nervous system,Operations On The Nervous System,Operations On Sympathetic Nerves Or Ganglia
49,06.0,Incision Of Thyroid Field,Operations On The Endocrine System,Operations On Thyroid And Parathyroid Glands
50,06.1,Diagnostic Procedures On Thyroid And Parathyroid Glands,Operations On The Endocrine System,Operations On Thyroid And Parathyroid Glands
51,06.2,Unilateral thyroid lobectomy,Operations On The Endocrine System,Operations On Thyroid And Parathyroid Glands
52,06.3,Other Partial Thyroidectomy,Operations On The Endocrine System,Operations On Thyroid And Parathyroid Glands
53,06.4,Complete thyroidectomy,Operations On The Endocrine System,Operations On Thyroid And Parathyroid Glands
54,06.5,Substernal Thyroidectomy,Operations On The Endocrine System,Operations On Thyroid And Parathyroid Glands
55,06.6,Excision of lingual thyroid,Operations On The Endocrine System,Operations On Thyroid And Parathyroid Glands
56,06.7,Excision of thyroglossal duct or tract,Operations On The Endocrine System,Operations On Thyroid And Parathyroid Glands
57,06.8,Parathyroidectomy,Operations On The Endocrine System,Operations On Thyroid And Parathyroid Glands
58,06.9,Other Operations On Thyroid (Region) And Parathyroid,Operations On The Endocrine System,Operations On Thyroid And Parathyroid Glands
59,07.0,Exploration Of Adrenal Field,Operations On The Endocrine System,Operations On Other Endocrine Glands
60,07.1,"Diagnostic Procedures On Adrenal Glands, Pituitary Gland, Pineal Gland, And Thymus",Operations On The Endocrine System,Operations On Other Endocrine Glands
61,07.2,Partial Adrenalectomy,Operations On The Endocrine System,Operations On Other Endocrine Glands
62,07.3,Bilateral adrenalectomy,Operations On The Endocrine System,Operations On Other Endocrine Glands
63,07.4,"Other Operations On Adrenal Glands, Nerves And Vessels",Operations On The Endocrine System,Operations On Other Endocrine Glands
64,07.5,Operations On Pineal Gland,Operations On The Endocrine System,Operations On Other Endocrine Glands
65,07.6,Hypophysectomy,Operations On The Endocrine System,Operations On Other Endocrine Glands
66,07.7,Other Operations On Hypophysis,Operations On The Endocrine System,Operations On Other Endocrine Glands
67,07.8,Thymectomy,Operations On The Endocrine System,Operations On Other Endocrine Glands
68,07.9,Other Operations On Thymus,Operations On The Endocrine System,Operations On Other Endocrine Glands
69,08.0,Incision Of Eyelid,Operations On The Eye,Operations On Eyelids
70,08.1,Diagnostic Procedures On Eyelid,Operations On The Eye,Operations On Eyelids
71,08.2,Excision Or Destruction Of Lesion Or Tissue Of Eyelid,Operations On The Eye,Operations On Eyelids
72,08.3,Repair Of Blepharoptosis And Lid Retraction,Operations On The Eye,Operations On Eyelids
73,08.4,Repair Of Entropion Or Ectropion,Operations On The Eye,Operations On Eyelids
74,08.5,Other Adjustment Of Lid Position,Operations On The Eye,Operations On Eyelids
75,08.6,Reconstruction Of Eyelid With Flaps Or Grafts,Operations On The Eye,Operations On Eyelids
76,08.7,Other Reconstruction Of Eyelid,Operations On The Eye,Operations On Eyelids
77,08.8,Other Repair Of Eyelid,Operations On The Eye,Operations On Eyelids
78,08.9,Other Operations On Eyelids,Operations On The Eye,Operations On Eyelids
79,09.0,Incision of lacrimal gland,Operations On The Eye,Operations On Lacrimal System
80,09.1,Diagnostic Procedures On Lacrimal System,Operations On The Eye,Operations On Lacrimal System
81,09.2,Excision Of Lesion Or Tissue Of Lacrimal Gland,Operations On The Eye,Operations On Lacrimal System
82,09.3,Other operations on lacrimal gland,Operations On The Eye,Operations On Lacrimal System
83,09.4,Manipulation Of Lacrimal Passage,Operations On The Eye,Operations On Lacrimal System
84,09.5,Incision Of Lacrimal Sac And Passages,Operations On The Eye,Operations On Lacrimal System
85,09.6,Excision of lacrimal sac and passage,Operations On The Eye,Operations On Lacrimal System
86,09.7,Repair Of Canaliculus And Punctum,Operations On The Eye,Operations On Lacrimal System
87,09.8,Fistulization Of Lacrimal Tract To Nasal Cavity,Operations On The Eye,Operations On Lacrimal System
88,09.9,Other Operations On Lacrimal System,Operations On The Eye,Operations On Lacrimal System
89,10.0,Removal of embedded foreign body from conjunctiva by incision,Operations On The Eye,Operations On Conjunctiva
90,10.1,Other incision of conjunctiva,Operations On The Eye,Operations On Conjunctiva
91,10.2,Diagnostic Procedures On Conjunctiva,Operations On The Eye,Operations On Conjunctiva
92,10.3,Excision Or Destruction Of Lesion Or Tissue Of Conjunctiva,Operations On The Eye,Operations On Conjunctiva
93,10.4,Conjunctivoplasty,Operations On The Eye,Operations On Conjunctiva
94,10.5,Lysis of adhesions of conjunctiva and eyelid,Operations On The Eye,Operations On Conjunctiva
95,10.6,Repair of laceration of conjunctiva,Operations On The Eye,Operations On Conjunctiva
96,10.9,Other Operations On Conjunctiva,Operations On The Eye,Operations On Conjunctiva
97,11.0,Magnetic removal of embedded foreign body from cornea,Operations On The Eye,Operations On Cornea
98,11.1,Incision of cornea,Operations On The Eye,Operations On Cornea
99,11.2,Diagnostic Procedures On Cornea,Operations On The Eye,Operations On Cornea
100,11.3,Excision Of Pterygium,Operations On The Eye,Operations On Cornea
101,11.4,Excision Or Destruction Of Tissue Or Other Lesion Of Cornea,Operations On The Eye,Operations On Cornea
102,11.5,Repair Of Cornea,Operations On The Eye,Operations On Cornea
103,11.6,Corneal Transplant,Operations On The Eye,Operations On Cornea
104,11.7,Other Reconstructive And Refractive Surgery On Cornea,Operations On The Eye,Operations On Cornea
105,11.9,Other Operations On Cornea,Operations On The Eye,Operations On Cornea
106,12.0,Removal Of Intraocular Foreign Body From Anterior Segment Of Eye,Operations On The Eye,"Operation On Iris, Ciliary Body, Sclera, And Anterior Chamber"
107,12.1,Iridotomy And Simple Iridectomy,Operations On The Eye,"Operation On Iris, Ciliary Body, Sclera, And Anterior Chamber"
108,12.2,"Diagnostic Procedures On Iris, Ciliary Body, Sclera, And Anterior Chamber",Operations On The Eye,"Operation On Iris, Ciliary Body, Sclera, And Anterior Chamber"
109,12.3,Iridoplasty And Coreoplasty,Operations On The Eye,"Operation On Iris, Ciliary Body, Sclera, And Anterior Chamber"
110,12.4,Excision Or Destruction Of Lesion Of Iris And Ciliary Body,Operations On The Eye,"Operation On Iris, Ciliary Body, Sclera, And Anterior Chamber"
111,12.5,Facilitation Of Intraocular Circulation,Operations On The Eye,"Operation On Iris, Ciliary Body, Sclera, And Anterior Chamber"
112,12.6,Scleral Fistulization,Operations On The Eye,"Operation On Iris, Ciliary Body, Sclera, And Anterior Chamber"
113,12.7,Other Procedures For Relief Of Elevated Intraocular Pressure,Operations On The Eye,"Operation On Iris, Ciliary Body, Sclera, And Anterior Chamber"
114,12.8,Operations On Sclera,Operations On The Eye,"Operation On Iris, Ciliary Body, Sclera, And Anterior Chamber"
115,12.9,"Other Operations On Iris, Ciliary Body, And Anterior Chamber",Operations On The Eye,"Operation On Iris, Ciliary Body, Sclera, And Anterior Chamber"
116,13.0,Removal Of Foreign Body From Lens,Operations On The Eye,Operations On Lens
117,13.1,Intracapsular Extraction Of Lens,Operations On The Eye,Operations On Lens
118,13.2,Extracapsular extraction of lens by linear extraction technique,Operations On The Eye,Operations On Lens
119,13.3,Extracapsular extraction of lens by simple aspiration (and irrigation) technique,Operations On The Eye,Operations On Lens
120,13.4,Extracapsular Extraction Of Lens By Fragmentation And Aspiration Technique,Operations On The Eye,Operations On Lens
121,13.5,Other Extracapsular Extraction Of Lens,Operations On The Eye,Operations On Lens
122,13.6,Other Cataract Extraction,Operations On The Eye,Operations On Lens
123,13.7,Insertion Of Prosthetic Lens [Pseudophakos],Operations On The Eye,Operations On Lens
124,13.8,Removal of implanted lens,Operations On The Eye,Operations On Lens
125,13.9,Other Operations On Lens,Operations On The Eye,Operations On Lens
126,14.0,Removal Of Foreign Body From Posterior Segment Of Eye,Operations On The Eye,"Operations On Retina, Choroid, Vitreous, And Posterior Chamber"
127,14.1,"Diagnostic Procedures On Retina, Choroid, Vitreous, And Posterior Chamber",Operations On The Eye,"Operations On Retina, Choroid, Vitreous, And Posterior Chamber"
128,14.2,Destruction Of Lesion Of Retina And Choroid,Operations On The Eye,"Operations On Retina, Choroid, Vitreous, And Posterior Chamber"
129,14.3,Repair Of Retinal Tear,Operations On The Eye,"Operations On Retina, Choroid, Vitreous, And Posterior Chamber"
130,14.4,Repair Of Retinal Detachment With Scleral Buckling And Implant,Operations On The Eye,"Operations On Retina, Choroid, Vitreous, And Posterior Chamber"
131,14.5,Other Repair Of Retinal Detachment,Operations On The Eye,"Operations On Retina, Choroid, Vitreous, And Posterior Chamber"
132,14.6,Removal of surgically implanted material from posterior segment of eye,Operations On The Eye,"Operations On Retina, Choroid, Vitreous, And Posterior Chamber"
133,14.7,Operations On Vitreous,Operations On The Eye,"Operations On Retina, Choroid, Vitreous, And Posterior Chamber"
134,14.8,Operations On Epiretinal Visual Prosthesis,Operations On The Eye,"Operations On Retina, Choroid, Vitreous, And Posterior Chamber"
135,14.9,"Other operations on retina, choroid, and posterior chamber",Operations On The Eye,"Operations On Retina, Choroid, Vitreous, And Posterior Chamber"
136,15.0,Diagnostic Procedures On Extraocular Muscles Or Tendons,Operations On The Eye,Operations On Extraocular Muscles
137,15.1,Operations On One Extraocular Muscle Involving Temporary Detachment From Globe,Operations On The Eye,Operations On Extraocular Muscles
138,15.2,Other Operations On One Extraocular Muscle,Operations On The Eye,Operations On Extraocular Muscles
139,15.3,"Operations on two or more extraocular muscles involving temporary detachment from globe, one or both eyes",Operations On The Eye,Operations On Extraocular Muscles
140,15.4,"Other operations on two or more extraocular muscles, one or both eyes",Operations On The Eye,Operations On Extraocular Muscles
141,15.5,Transposition of extraocular muscles,Operations On The Eye,Operations On Extraocular Muscles
142,15.6,Revision of extraocular muscle surgery,Operations On The Eye,Operations On Extraocular Muscles
143,15.7,Repair of injury of extraocular muscle,Operations On The Eye,Operations On Extraocular Muscles
144,15.9,Other operations on extraocular muscles and tendons,Operations On The Eye,Operations On Extraocular Muscles
145,16.0,Orbitotomy,Operations On The Eye,Operations On Orbit And Eyeball
146,16.1,"Removal of penetrating foreign body from eye, not otherwise specified",Operations On The Eye,Operations On Orbit And Eyeball
147,16.2,Diagnostic Procedures On Orbit And Eyeball,Operations On The Eye,Operations On Orbit And Eyeball
148,16.3,Evisceration Of Eyeball,Operations On The Eye,Operations On Orbit And Eyeball
149,16.4,Enucleation Of Eyeball,Operations On The Eye,Operations On Orbit And Eyeball
150,16.5,Exenteration Of Orbital Contents,Operations On The Eye,Operations On Orbit And Eyeball
151,16.6,Secondary Procedures After Removal Of Eyeball,Operations On The Eye,Operations On Orbit And Eyeball
152,16.7,Removal Of Ocular Or Orbital Implant,Operations On The Eye,Operations On Orbit And Eyeball
153,16.8,Repair Of Injury Of Eyeball And Orbit,Operations On The Eye,Operations On Orbit And Eyeball
154,16.9,Other Operations On Orbit And Eyeball,Operations On The Eye,Operations On Orbit And Eyeball
155,17.1,Laparoscopic Unilateral Repair Of Inguinal Hernia,Other Miscellaneous Diagnostic And Therapeutic Procedures,Other Miscellaneous Procedures
156,17.2,Laparoscopic Bilateral Repair Of Inguinal Hernia,Other Miscellaneous Diagnostic And Therapeutic Procedures,Other Miscellaneous Procedures
157,17.3,Laparoscopic Partial Excision Of Large Intestine,Other Miscellaneous Diagnostic And Therapeutic Procedures,Other Miscellaneous Procedures
158,17.4,Robotic Assisted Procedures,Other Miscellaneous Diagnostic And Therapeutic Procedures,Other Miscellaneous Procedures
159,17.5,Additional Cardiovascular Procedures,Other Miscellaneous Diagnostic And Therapeutic Procedures,Other Miscellaneous Procedures
160,17.6,Laser Intersitital Thermal Therapy [Litt] Under Guidance,Other Miscellaneous Diagnostic And Therapeutic Procedures,Other Miscellaneous Procedures
161,17.7,Other Diagnostic And Therapeutic Procedures,Other Miscellaneous Diagnostic And Therapeutic Procedures,Other Miscellaneous Procedures
162,17.8,Other Adjunct Procedures,Other Miscellaneous Diagnostic And Therapeutic Procedures,Other Miscellaneous Procedures
163,18.0,Incision Of External Ear,Operations On The Ear,Operations On External Ear
164,18.1,Diagnostic Procedures On External Ear,Operations On The Ear,Operations On External Ear
165,18.2,Excision Or Destruction Of Lesion Of External Ear,Operations On The Ear,Operations On External Ear
166,18.3,Other Excision Of External Ear,Operations On The Ear,Operations On External Ear
167,18.4,Suture of laceration of external ear,Operations On The Ear,Operations On External Ear
168,18.5,Surgical correction of prominent ear,Operations On The Ear,Operations On External Ear
169,18.6,Reconstruction of external auditory canal,Operations On The Ear,Operations On External Ear
170,18.7,Other Plastic Repair Of External Ear,Operations On The Ear,Operations On External Ear
171,18.9,Other operations on external ear,Operations On The Ear,Operations On External Ear
172,19.0,Stapes mobilization,Operations On The Ear,Reconstructive Operations On Middle Ear
173,19.1,Stapedectomy,Operations On The Ear,Reconstructive Operations On Middle Ear
174,19.2,Revision Of Stapedectomy,Operations On The Ear,Reconstructive Operations On Middle Ear
175,19.3,Other operations on ossicular chain,Operations On The Ear,Reconstructive Operations On Middle Ear
176,19.4,Myringoplasty,Operations On The Ear,Reconstructive Operations On Middle Ear
177,19.5,Other Tympanoplasty,Operations On The Ear,Reconstructive Operations On Middle Ear
178,19.6,Revision of tympanoplasty,Operations On The Ear,Reconstructive Operations On Middle Ear
179,19.9,Other repair of middle ear,Operations On The Ear,Reconstructive Operations On Middle Ear
180,20.0,Myringotomy,Operations On The Ear,Other Operations On Middle And Inner Ear
181,20.1,Removal of tympanostomy tube,Operations On The Ear,Other Operations On Middle And Inner Ear
182,20.2,Incision Of Mastoid And Middle Ear,Operations On The Ear,Other Operations On Middle And Inner Ear
183,20.3,Diagnostic Procedures On Middle And Inner Ear,Operations On The Ear,Other Operations On Middle And Inner Ear
184,20.4,Mastoidectomy,Operations On The Ear,Other Operations On Middle And Inner Ear
185,20.5,Other Excision Of Middle Ear,Operations On The Ear,Other Operations On Middle And Inner Ear
186,20.6,Fenestration Of Inner Ear,Operations On The Ear,Other Operations On Middle And Inner Ear
187,20.7,"Incision, Excision, And Destruction Of Inner Ear",Operations On The Ear,Other Operations On Middle And Inner Ear
188,20.8,Operations on eustachian tube,Operations On The Ear,Other Operations On Middle And Inner Ear
189,20.9,Other Operations On Inner And Middle Ear,Operations On The Ear,Other Operations On Middle And Inner Ear
190,21.0,Control Of Epistaxis,"Operations On The Nose, Mouth, And Pharynx",Operation On Nose
191,21.1,Incision of nose,"Operations On The Nose, Mouth, And Pharynx",Operation On Nose
192,21.2,Diagnostic Procedures On Nose,"Operations On The Nose, Mouth, And Pharynx",Operation On Nose
193,21.3,Local Excision Or Destruction Of Lesion Of Nose,"Operations On The Nose, Mouth, And Pharynx",Operation On Nose
194,21.4,Resection of nose,"Operations On The Nose, Mouth, And Pharynx",Operation On Nose
195,21.5,Submucous resection of nasal septum,"Operations On The Nose, Mouth, And Pharynx",Operation On Nose
196,21.6,Turbinectomy,"Operations On The Nose, Mouth, And Pharynx",Operation On Nose
197,21.7,Reduction Of Nasal Fracture,"Operations On The Nose, Mouth, And Pharynx",Operation On Nose
198,21.8,Repair And Plastic Operations On The Nose,"Operations On The Nose, Mouth, And Pharynx",Operation On Nose
199,21.9,Other Operations On Nose,"Operations On The Nose, Mouth, And Pharynx",Operation On Nose
200,22.0,Aspiration And Lavage Of Nasal Sinus,"Operations On The Nose, Mouth, And Pharynx",Operations On Nasal Sinuses
201,22.1,Diagnostic Procedures On Nasal Sinus,"Operations On The Nose, Mouth, And Pharynx",Operations On Nasal Sinuses
202,22.2,Intranasal antrotomy,"Operations On The Nose, Mouth, And Pharynx",Operations On Nasal Sinuses
203,22.3,External Maxillary Antrotomy,"Operations On The Nose, Mouth, And Pharynx",Operations On Nasal Sinuses
204,22.4,Frontal Sinusotomy And Sinusectomy,"Operations On The Nose, Mouth, And Pharynx",Operations On Nasal Sinuses
205,22.5,Other Nasal Sinusotomy,"Operations On The Nose, Mouth, And Pharynx",Operations On Nasal Sinuses
206,22.6,Other Nasal Sinusectomy,"Operations On The Nose, Mouth, And Pharynx",Operations On Nasal Sinuses
207,22.7,Repair Of Nasal Sinus,"Operations On The Nose, Mouth, And Pharynx",Operations On Nasal Sinuses
208,22.9,Other operations on nasal sinuses,"Operations On The Nose, Mouth, And Pharynx",Operations On Nasal Sinuses
209,23.0,Forceps Extraction Of Tooth,"Operations On The Nose, Mouth, And Pharynx",Removal And Restoration Of Teeth
210,23.1,Surgical Removal Of Tooth,"Operations On The Nose, Mouth, And Pharynx",Removal And Restoration Of Teeth
211,23.2,Restoration of tooth by filling,"Operations On The Nose, Mouth, And Pharynx",Removal And Restoration Of Teeth
212,23.3,Restoration of tooth by inlay,"Operations On The Nose, Mouth, And Pharynx",Removal And Restoration Of Teeth
213,23.4,Other Dental Restoration,"Operations On The Nose, Mouth, And Pharynx",Removal And Restoration Of Teeth
214,23.5,Implantation of tooth,"Operations On The Nose, Mouth, And Pharynx",Removal And Restoration Of Teeth
215,23.6,Prosthetic dental implant,"Operations On The Nose, Mouth, And Pharynx",Removal And Restoration Of Teeth
216,23.7,Apicoectomy And Root Canal Therapy,"Operations On The Nose, Mouth, And Pharynx",Removal And Restoration Of Teeth
217,24.0,Incision of gum or alveolar bone,"Operations On The Nose, Mouth, And Pharynx","Other Operations On Teeth, Gums, And Alveoli"
218,24.1,"Diagnostic Procedures On Teeth, Gums, And Alveoli","Operations On The Nose, Mouth, And Pharynx","Other Operations On Teeth, Gums, And Alveoli"
219,24.2,Gingivoplasty,"Operations On The Nose, Mouth, And Pharynx","Other Operations On Teeth, Gums, And Alveoli"
220,24.3,Other Operations On Gum,"Operations On The Nose, Mouth, And Pharynx","Other Operations On Teeth, Gums, And Alveoli"
221,24.4,Excision of dental lesion of jaw,"Operations On The Nose, Mouth, And Pharynx","Other Operations On Teeth, Gums, And Alveoli"
222,24.5,Alveoloplasty,"Operations On The Nose, Mouth, And Pharynx","Other Operations On Teeth, Gums, And Alveoli"
223,24.6,Exposure of tooth,"Operations On The Nose, Mouth, And Pharynx","Other Operations On Teeth, Gums, And Alveoli"
224,24.7,Application of orthodontic appliance,"Operations On The Nose, Mouth, And Pharynx","Other Operations On Teeth, Gums, And Alveoli"
225,24.8,Other orthodontic operation,"Operations On The Nose, Mouth, And Pharynx","Other Operations On Teeth, Gums, And Alveoli"
226,24.9,Other Dental Operations,"Operations On The Nose, Mouth, And Pharynx","Other Operations On Teeth, Gums, And Alveoli"
227,25.0,Diagnostic Procedures On Tongue,"Operations On The Nose, Mouth, And Pharynx",Operations On Tongue
228,25.1,Excision or destruction of lesion or tissue of tongue,"Operations On The Nose, Mouth, And Pharynx",Operations On Tongue
229,25.2,Partial glossectomy,"Operations On The Nose, Mouth, And Pharynx",Operations On Tongue
230,25.3,Complete glossectomy,"Operations On The Nose, Mouth, And Pharynx",Operations On Tongue
231,25.4,Radical glossectomy,"Operations On The Nose, Mouth, And Pharynx",Operations On Tongue
232,25.5,Repair Of Tongue And Glossoplasty,"Operations On The Nose, Mouth, And Pharynx",Operations On Tongue
233,25.9,Other Operations On Tongue,"Operations On The Nose, Mouth, And Pharynx",Operations On Tongue
234,26.0,Incision of salivary gland or duct,"Operations On The Nose, Mouth, And Pharynx",Operations On Salivary Glands And Ducts
235,26.1,Diagnostic Procedures On Salivary Glands And Ducts,"Operations On The Nose, Mouth, And Pharynx",Operations On Salivary Glands And Ducts
236,26.2,Excision Of Lesion Of Salivary Gland,"Operations On The Nose, Mouth, And Pharynx",Operations On Salivary Glands And Ducts
237,26.3,Sialoadenectomy,"Operations On The Nose, Mouth, And Pharynx",Operations On Salivary Glands And Ducts
238,26.4,Repair Of Salivary Gland Or Duct,"Operations On The Nose, Mouth, And Pharynx",Operations On Salivary Glands And Ducts
239,26.9,Other Operations On Salivary Gland Or Duct,"Operations On The Nose, Mouth, And Pharynx",Operations On Salivary Glands And Ducts
240,27.0,Drainage of face and floor of mouth,"Operations On The Nose, Mouth, And Pharynx",Other Operations On Mouth And Face
241,27.1,Incision of palate,"Operations On The Nose, Mouth, And Pharynx",Other Operations On Mouth And Face
242,27.2,Diagnostic Procedures On Oral Cavity,"Operations On The Nose, Mouth, And Pharynx",Other Operations On Mouth And Face
243,27.3,Excision Of Lesion Or Tissue Of Bony Palate,"Operations On The Nose, Mouth, And Pharynx",Other Operations On Mouth And Face
244,27.4,Excision Of Other Parts Of Mouth,"Operations On The Nose, Mouth, And Pharynx",Other Operations On Mouth And Face
245,27.5,Plastic Repair Of Mouth,"Operations On The Nose, Mouth, And Pharynx",Other Operations On Mouth And Face
246,27.6,Palatoplasty,"Operations On The Nose, Mouth, And Pharynx",Other Operations On Mouth And Face
247,27.7,Operations On Uvula,"Operations On The Nose, Mouth, And Pharynx",Other Operations On Mouth And Face
248,27.9,Other Operations On Mouth And Face,"Operations On The Nose, Mouth, And Pharynx",Other Operations On Mouth And Face
249,28.0,Incision and drainage of tonsil and peritonsillar structures,"Operations On The Nose, Mouth, And Pharynx",Operations On Tonsils And Adenoids
250,28.1,Diagnostic Procedures On Tonsils And Adenoids,"Operations On The Nose, Mouth, And Pharynx",Operations On Tonsils And Adenoids
251,28.2,Tonsillectomy without adenoidectomy,"Operations On The Nose, Mouth, And Pharynx",Operations On Tonsils And Adenoids
252,28.3,Tonsillectomy with adenoidectomy,"Operations On The Nose, Mouth, And Pharynx",Operations On Tonsils And Adenoids
253,28.4,Excision of tonsil tag,"Operations On The Nose, Mouth, And Pharynx",Operations On Tonsils And Adenoids
254,28.5,Excision of lingual tonsil,"Operations On The Nose, Mouth, And Pharynx",Operations On Tonsils And Adenoids
255,28.6,Adenoidectomy without tonsillectomy,"Operations On The Nose, Mouth, And Pharynx",Operations On Tonsils And Adenoids
256,28.7,Control of hemorrhage after tonsillectomy and adenoidectomy,"Operations On The Nose, Mouth, And Pharynx",Operations On Tonsils And Adenoids
257,28.9,Other Operations On Tonsils And Adenoids,"Operations On The Nose, Mouth, And Pharynx",Operations On Tonsils And Adenoids
258,29.0,Pharyngotomy,"Operations On The Nose, Mouth, And Pharynx",Operation On Pharynx
259,29.1,Diagnostic Procedures On Pharynx,"Operations On The Nose, Mouth, And Pharynx",Operation On Pharynx
260,29.2,Excision of branchial cleft cyst or vestige,"Operations On The Nose, Mouth, And Pharynx",Operation On Pharynx
261,29.3,Excision Or Destruction Of Lesion Or Tissue Of Pharynx,"Operations On The Nose, Mouth, And Pharynx",Operation On Pharynx
262,29.4,Plastic operation on pharynx,"Operations On The Nose, Mouth, And Pharynx",Operation On Pharynx
263,29.5,Other Repair Of Pharynx,"Operations On The Nose, Mouth, And Pharynx",Operation On Pharynx
264,29.9,Other Operations On Pharynx,"Operations On The Nose, Mouth, And Pharynx",Operation On Pharynx
265,30.0,Excision Or Destruction Of Lesion Or Tissue Of Larynx,Operations On The Respiratory System,Excision Of Larynx
266,30.1,Hemilaryngectomy,Operations On The Respiratory System,Excision Of Larynx
267,30.2,Other Partial Laryngectomy,Operations On The Respiratory System,Excision Of Larynx
268,30.3,Complete laryngectomy,Operations On The Respiratory System,Excision Of Larynx
269,30.4,Radical laryngectomy,Operations On The Respiratory System,Excision Of Larynx
270,31.0,Injection of larynx,Operations On The Respiratory System,Other Operations On Larynx And Trachea
271,31.1,Temporary tracheostomy,Operations On The Respiratory System,Other Operations On Larynx And Trachea
272,31.2,Permanent Tracheostomy,Operations On The Respiratory System,Other Operations On Larynx And Trachea
273,31.3,Other incision of larynx or trachea,Operations On The Respiratory System,Other Operations On Larynx And Trachea
274,31.4,Diagnostic Procedures On Larynx And Trachea,Operations On The Respiratory System,Other Operations On Larynx And Trachea
275,31.5,Local excision or destruction of lesion or tissue of trachea,Operations On The Respiratory System,Other Operations On Larynx And Trachea
276,31.6,Repair Of Larynx,Operations On The Respiratory System,Other Operations On Larynx And Trachea
277,31.7,Repair And Plastic Operations On Trachea,Operations On The Respiratory System,Other Operations On Larynx And Trachea
278,31.9,Other Operations On Larynx And Trachea,Operations On The Respiratory System,Other Operations On Larynx And Trachea
279,32.0,Local Excision Or Destruction Of Lesion Or Tissue Of Bronchus,Operations On The Respiratory System,Excision Of Lung And Bronchus
280,32.1,Other excision of bronchus,Operations On The Respiratory System,Excision Of Lung And Bronchus
281,32.2,Local Excision Or Destruction Of Lesion Or Tissue Of Lung,Operations On The Respiratory System,Excision Of Lung And Bronchus
282,32.3,Segmental Resection Of Lung,Operations On The Respiratory System,Excision Of Lung And Bronchus
283,32.4,Lobectomy Of Lung,Operations On The Respiratory System,Excision Of Lung And Bronchus
284,32.5,Complete Pneumonectomy,Operations On The Respiratory System,Excision Of Lung And Bronchus
285,32.6,Radical dissection of thoracic structures,Operations On The Respiratory System,Excision Of Lung And Bronchus
286,32.9,Other excision of lung,Operations On The Respiratory System,Excision Of Lung And Bronchus
287,33.0,Incision of bronchus,Operations On The Respiratory System,Other Operations On Lung And Bronchus
288,33.1,Incision of lung,Operations On The Respiratory System,Other Operations On Lung And Bronchus
289,33.2,Diagnostic Procedures On Lung And Bronchus,Operations On The Respiratory System,Other Operations On Lung And Bronchus
290,33.3,Surgical Collapse Of Lung,Operations On The Respiratory System,Other Operations On Lung And Bronchus
291,33.4,Repair And Plastic Operation On Lung And Bronchus,Operations On The Respiratory System,Other Operations On Lung And Bronchus
292,33.5,Lung Transplant,Operations On The Respiratory System,Other Operations On Lung And Bronchus
293,33.6,Combined heart-lung transplantation,Operations On The Respiratory System,Other Operations On Lung And Bronchus
294,33.7,Other Endoscopic Procedures In Bronchus Or Lung,Operations On The Respiratory System,Other Operations On Lung And Bronchus
295,33.9,Other Operations On Lung And Bronchus,Operations On The Respiratory System,Other Operations On Lung And Bronchus
296,34.0,Incision Of Chest Wall And Pleura,Operations On The Respiratory System,"Operations On Chest Wall, Pleura, Mediastinum, And Diaphragm"
297,34.1,Incision of mediastinum,Operations On The Respiratory System,"Operations On Chest Wall, Pleura, Mediastinum, And Diaphragm"
298,34.2,"Diagnostic Procedures On Chest Wall, Pleura, Mediastinum, And Diaphragm",Operations On The Respiratory System,"Operations On Chest Wall, Pleura, Mediastinum, And Diaphragm"
299,34.3,Excision or destruction of lesion or tissue of mediastinum,Operations On The Respiratory System,"Operations On Chest Wall, Pleura, Mediastinum, And Diaphragm"
300,34.4,Excision or destruction of lesion of chest wall,Operations On The Respiratory System,"Operations On Chest Wall, Pleura, Mediastinum, And Diaphragm"
301,34.5,Pleurectomy,Operations On The Respiratory System,"Operations On Chest Wall, Pleura, Mediastinum, And Diaphragm"
302,34.6,Scarification of pleura,Operations On The Respiratory System,"Operations On Chest Wall, Pleura, Mediastinum, And Diaphragm"
303,34.7,Repair Of Chest Wall,Operations On The Respiratory System,"Operations On Chest Wall, Pleura, Mediastinum, And Diaphragm"
304,34.8,Operations On Diaphragm,Operations On The Respiratory System,"Operations On Chest Wall, Pleura, Mediastinum, And Diaphragm"
305,34.9,Other Operations On Thorax,Operations On The Respiratory System,"Operations On Chest Wall, Pleura, Mediastinum, And Diaphragm"
306,35.0,Closed Heart Valvotomy,Operations On The Cardiovascular System,Operations On Valves And Septa Of Heart
307,35.1,Open Heart Valvuloplasty Without Replacement,Operations On The Cardiovascular System,Operations On Valves And Septa Of Heart
308,35.2,Open And Other Replacement Of Heart Valve,Operations On The Cardiovascular System,Operations On Valves And Septa Of Heart
309,35.3,Operations On Structures Adjacent To Heart Valves,Operations On The Cardiovascular System,Operations On Valves And Septa Of Heart
310,35.4,Production Of Septal Defect In Heart,Operations On The Cardiovascular System,Operations On Valves And Septa Of Heart
311,35.5,Repair Of Atrial And Ventricular Septa With Prosthesis,Operations On The Cardiovascular System,Operations On Valves And Septa Of Heart
312,35.6,Repair Of Atrial And Ventricular Septa With Tissue Graft,Operations On The Cardiovascular System,Operations On Valves And Septa Of Heart
313,35.7,Other And Unspecified Repair Of Atrial And Ventricular Septa,Operations On The Cardiovascular System,Operations On Valves And Septa Of Heart
314,35.8,Total Repair Of Certain Congenital Cardiac Anomalies,Operations On The Cardiovascular System,Operations On Valves And Septa Of Heart
315,35.9,Other Operations On Valves And Septa Of Heart,Operations On The Cardiovascular System,Operations On Valves And Septa Of Heart
316,36.0,Removal Of Coronary Artery Obstruction And Insertion Of Stent(s),Operations On The Cardiovascular System,Operations On Vessels Of Heart
317,36.1,Bypass Anastomosis For Heart Revascularization,Operations On The Cardiovascular System,Operations On Vessels Of Heart
318,36.2,Heart revascularization by arterial implant,Operations On The Cardiovascular System,Operations On Vessels Of Heart
319,36.3,Other Heart Revascularization,Operations On The Cardiovascular System,Operations On Vessels Of Heart
320,36.9,Other Operations On Vessels Of Heart,Operations On The Cardiovascular System,Operations On Vessels Of Heart
321,37.0,Pericardiocentesis,Operations On The Cardiovascular System,Other Operations On Heart And Pericardium
322,37.1,Cardiotomy And Pericardiotomy,Operations On The Cardiovascular System,Other Operations On Heart And Pericardium
323,37.2,Diagnostic Procedures On Heart And Pericardium,Operations On The Cardiovascular System,Other Operations On Heart And Pericardium
324,37.3,Pericardiectomy And Excision Of Lesion Of Heart,Operations On The Cardiovascular System,Other Operations On Heart And Pericardium
325,37.4,Repair Of Heart And Pericardium,Operations On The Cardiovascular System,Other Operations On Heart And Pericardium
326,37.5,Heart Replacement Procedures,Operations On The Cardiovascular System,Other Operations On Heart And Pericardium
327,37.6,Implantation Of Heart And Circulatory Assist System(s),Operations On The Cardiovascular System,Other Operations On Heart And Pericardium
328,37.7,"Insertion, Revision, Replacement, And Removal Of Pacemaker Leads; Insertion Of Temporary Pacemaker System; Or Revision Of Pocket",Operations On The Cardiovascular System,Other Operations On Heart And Pericardium
329,37.8,"Insertion, Replacement, Removal And Revision Of Pacemaker Device",Operations On The Cardiovascular System,Other Operations On Heart And Pericardium
330,37.9,Other Operations On Heart And Pericardium,Operations On The Cardiovascular System,Other Operations On Heart And Pericardium
331,38.0,Incision Of Vessels,Operations On The Cardiovascular System,"Incision, Excision, And Occlusion Of Vessels"
332,38.1,Endarterectomy,Operations On The Cardiovascular System,"Incision, Excision, And Occlusion Of Vessels"
333,38.2,Diagnostic Procedures On Blood Vessels,Operations On The Cardiovascular System,"Incision, Excision, And Occlusion Of Vessels"
334,38.3,Resection Of Vessel With Anastomosis,Operations On The Cardiovascular System,"Incision, Excision, And Occlusion Of Vessels"
335,38.4,Resection Of Vessel With Replacement,Operations On The Cardiovascular System,"Incision, Excision, And Occlusion Of Vessels"
336,38.5,Ligation And Stripping Of Varicose Veins,Operations On The Cardiovascular System,"Incision, Excision, And Occlusion Of Vessels"
337,38.6,Other Excision Of Vessels,Operations On The Cardiovascular System,"Incision, Excision, And Occlusion Of Vessels"
338,38.7,Interruption of the vena cava,Operations On The Cardiovascular System,"Incision, Excision, And Occlusion Of Vessels"
339,38.8,Other Surgical Occlusion Of Vessels,Operations On The Cardiovascular System,"Incision, Excision, And Occlusion Of Vessels"
340,38.9,Puncture Of Vessel,Operations On The Cardiovascular System,"Incision, Excision, And Occlusion Of Vessels"
341,39.0,Systemic to pulmonary artery shunt,Operations On The Cardiovascular System,Other Operations On Vessels
342,39.1,Intra-abdominal venous shunt,Operations On The Cardiovascular System,Other Operations On Vessels
343,39.2,Other Shunt Or Vascular Bypass,Operations On The Cardiovascular System,Other Operations On Vessels
344,39.3,Suture Of Vessel,Operations On The Cardiovascular System,Other Operations On Vessels
345,39.4,Revision Of Vascular Procedure,Operations On The Cardiovascular System,Other Operations On Vessels
346,39.5,Other Repair Of Vessels,Operations On The Cardiovascular System,Other Operations On Vessels
347,39.6,Extracorporeal Circulation And Procedures Auxiliary To Heart Surgery,Operations On The Cardiovascular System,Other Operations On Vessels
348,39.7,Endovascular Repair Of Vessel,Operations On The Cardiovascular System,Other Operations On Vessels
349,39.8,"Operations On Carotid Body, Carotid Sinus And Other Vascular Bodies",Operations On The Cardiovascular System,Other Operations On Vessels
350,39.9,Other Operations On Vessels,Operations On The Cardiovascular System,Other Operations On Vessels
351,40.0,Incision of lymphatic structures,Operations On The Hemic And Lymphatic System,Operations On Lymphatic System
352,40.1,Diagnostic Procedures On Lymphatic Structures,Operations On The Hemic And Lymphatic System,Operations On Lymphatic System
353,40.2,Simple Excision Of Lymphatic Structure,Operations On The Hemic And Lymphatic System,Operations On Lymphatic System
354,40.3,Regional lymph node excision,Operations On The Hemic And Lymphatic System,Operations On Lymphatic System
355,40.4,Radical Excision Of Cervical Lymph Nodes,Operations On The Hemic And Lymphatic System,Operations On Lymphatic System
356,40.5,Radical Excision Of Other Lymph Nodes,Operations On The Hemic And Lymphatic System,Operations On Lymphatic System
357,40.6,Operations On Thoracic Duct,Operations On The Hemic And Lymphatic System,Operations On Lymphatic System
358,40.9,Other operations on lymphatic structures,Operations On The Hemic And Lymphatic System,Operations On Lymphatic System
359,41.0,Bone Marrow Or Hematopoietic Stem Cell Transplant,Operations On The Hemic And Lymphatic System,Operations On Bone Marrow And Spleen
360,41.1,Puncture of spleen,Operations On The Hemic And Lymphatic System,Operations On Bone Marrow And Spleen
361,41.2,Splenotomy,Operations On The Hemic And Lymphatic System,Operations On Bone Marrow And Spleen
362,41.3,Diagnostic Procedures On Bone Marrow And Spleen,Operations On The Hemic And Lymphatic System,Operations On Bone Marrow And Spleen
363,41.4,Excision Or Destruction Of Lesion Or Tissue Of Spleen,Operations On The Hemic And Lymphatic System,Operations On Bone Marrow And Spleen
364,41.5,Total splenectomy,Operations On The Hemic And Lymphatic System,Operations On Bone Marrow And Spleen
365,41.9,Other Operations On Spleen And Bone Marrow,Operations On The Hemic And Lymphatic System,Operations On Bone Marrow And Spleen
366,42.0,Esophagotomy,Operations On The Digestive System,Operations On Esophagus
367,42.1,Esophagostomy,Operations On The Digestive System,Operations On Esophagus
368,42.2,Diagnostic Procedures On Esophagus,Operations On The Digestive System,Operations On Esophagus
369,42.3,Local Excision Or Destruction Of Lesion Or Tissue Of Esophagus,Operations On The Digestive System,Operations On Esophagus
370,42.4,Excision Of Esophagus,Operations On The Digestive System,Operations On Esophagus
371,42.5,Intrathoracic Anastomosis Of Esophagus,Operations On The Digestive System,Operations On Esophagus
372,42.6,Antesternal Anastomosis Of Esophagus,Operations On The Digestive System,Operations On Esophagus
373,42.7,Esophagomyotomy,Operations On The Digestive System,Operations On Esophagus
374,42.8,Other Repair Of Esophagus,Operations On The Digestive System,Operations On Esophagus
375,42.9,Other Operations On Esophagus,Operations On The Digestive System,Operations On Esophagus
376,43.0,Gastrotomy,Operations On The Digestive System,Incision And Excision Of Stomach
377,43.1,Gastrostomy,Operations On The Digestive System,Incision And Excision Of Stomach
378,43.3,Pyloromyotomy,Operations On The Digestive System,Incision And Excision Of Stomach
379,43.4,Local Excision Or Destruction Of Lesion Or Tissue Of Stomach,Operations On The Digestive System,Incision And Excision Of Stomach
380,43.5,Partial gastrectomy with anastomosis to esophagus,Operations On The Digestive System,Incision And Excision Of Stomach
381,43.6,Partial gastrectomy with anastomosis to duodenum,Operations On The Digestive System,Incision And Excision Of Stomach
382,43.7,Partial gastrectomy with anastomosis to jejunum,Operations On The Digestive System,Incision And Excision Of Stomach
383,43.8,Other Partial Gastrectomy,Operations On The Digestive System,Incision And Excision Of Stomach
384,43.9,Total Gastrectomy,Operations On The Digestive System,Incision And Excision Of Stomach
385,44.0,Vagotomy,Operations On The Digestive System,Other Operations On Stomach
386,44.1,Diagnostic Procedures On Stomach,Operations On The Digestive System,Other Operations On Stomach
387,44.2,Pyloroplasty,Operations On The Digestive System,Other Operations On Stomach
388,44.3,Gastroenterostomy Without Gastrectomy,Operations On The Digestive System,Other Operations On Stomach
389,44.4,Control Of Hemorrhage And Suture Of Ulcer Of Stomach Or Duodenum,Operations On The Digestive System,Other Operations On Stomach
390,44.5,Revision of gastric anastomosis,Operations On The Digestive System,Other Operations On Stomach
391,44.6,Other Repair Of Stomach,Operations On The Digestive System,Other Operations On Stomach
392,44.9,Other Operations On Stomach,Operations On The Digestive System,Other Operations On Stomach
393,45.0,Enterotomy,Operations On The Digestive System,"Incision, Excision, And Anastomosis Of Intestine"
394,45.1,Diagnostic Procedures On Small Intestine,Operations On The Digestive System,"Incision, Excision, And Anastomosis Of Intestine"
395,45.2,Diagnostic Procedures On Large Intestine,Operations On The Digestive System,"Incision, Excision, And Anastomosis Of Intestine"
396,45.3,Local Excision Or Destruction Of Lesion Or Tissue Of Small Intestine,Operations On The Digestive System,"Incision, Excision, And Anastomosis Of Intestine"
397,45.4,Local Excision Or Destruction Of Lesion Or Tissue Of Large Intestine,Operations On The Digestive System,"Incision, Excision, And Anastomosis Of Intestine"
398,45.5,Isolation Of Intestinal Segment,Operations On The Digestive System,"Incision, Excision, And Anastomosis Of Intestine"
399,45.6,Other Excision Of Small Intestine,Operations On The Digestive System,"Incision, Excision, And Anastomosis Of Intestine"
400,45.7,Open And Other Partial Excision Of Large Intestine,Operations On The Digestive System,"Incision, Excision, And Anastomosis Of Intestine"
401,45.8,Total Intra-Abdominal Colectomy,Operations On The Digestive System,"Incision, Excision, And Anastomosis Of Intestine"
402,45.9,Intestinal Anastomosis,Operations On The Digestive System,"Incision, Excision, And Anastomosis Of Intestine"
403,46.0,Exteriorization Of Intestine,Operations On The Digestive System,Other Operations On Intestine
404,46.1,Colostomy,Operations On The Digestive System,Other Operations On Intestine
405,46.2,Ileostomy,Operations On The Digestive System,Other Operations On Intestine
406,46.3,Other Enterostomy,Operations On The Digestive System,Other Operations On Intestine
407,46.4,Revision Of Intestinal Stoma,Operations On The Digestive System,Other Operations On Intestine
408,46.5,Closure Of Intestinal Stoma,Operations On The Digestive System,Other Operations On Intestine
409,46.6,Fixation Of Intestine,Operations On The Digestive System,Other Operations On Intestine
410,46.7,Other Repair Of Intestine,Operations On The Digestive System,Other Operations On Intestine
411,46.8,Dilation And Manipulation Of Intestine,Operations On The Digestive System,Other Operations On Intestine
412,46.9,Other Operations On Intestines,Operations On The Digestive System,Other Operations On Intestine
413,47.0,Appendectomy,Operations On The Digestive System,Operations On Appendix
414,47.1,Incidental Appendectomy,Operations On The Digestive System,Operations On Appendix
415,47.2,Drainage of appendiceal abscess,Operations On The Digestive System,Operations On Appendix
416,47.9,Other Operations On Appendix,Operations On The Digestive System,Operations On Appendix
417,48.0,Proctotomy,Operations On The Digestive System,"Operations On Rectum, Rectosigmoid, And Perirectal Tissue"
418,48.1,Proctostomy,Operations On The Digestive System,"Operations On Rectum, Rectosigmoid, And Perirectal Tissue"
419,48.2,"Diagnostic Procedures On Rectum, Rectosigmoid, And Perirectal Tissue",Operations On The Digestive System,"Operations On Rectum, Rectosigmoid, And Perirectal Tissue"
420,48.3,Local Excision Or Destruction Of Lesion Or Tissue Of Rectum,Operations On The Digestive System,"Operations On Rectum, Rectosigmoid, And Perirectal Tissue"
421,48.4,Pull-Through Resection Of Rectum,Operations On The Digestive System,"Operations On Rectum, Rectosigmoid, And Perirectal Tissue"
422,48.5,Abdominoperineal Resection Of Rectum,Operations On The Digestive System,"Operations On Rectum, Rectosigmoid, And Perirectal Tissue"
423,48.6,Other Resection Of Rectum,Operations On The Digestive System,"Operations On Rectum, Rectosigmoid, And Perirectal Tissue"
424,48.7,Repair Of Rectum,Operations On The Digestive System,"Operations On Rectum, Rectosigmoid, And Perirectal Tissue"
425,48.8,Incision Or Excision Of Perirectal Tissue Or Lesion,Operations On The Digestive System,"Operations On Rectum, Rectosigmoid, And Perirectal Tissue"
426,48.9,Other Operations On Rectum And Perirectal Tissue,Operations On The Digestive System,"Operations On Rectum, Rectosigmoid, And Perirectal Tissue"
427,49.0,Incision Or Excision Of Perianal Tissue,Operations On The Digestive System,Operations On Anus
428,49.1,Incision Or Excision Of Anal Fistula,Operations On The Digestive System,Operations On Anus
429,49.2,Diagnostic Procedures On Anus And Perianal Tissue,Operations On The Digestive System,Operations On Anus
430,49.3,Local Excision Or Destruction Of Other Lesion Or Tissue Of Anus,Operations On The Digestive System,Operations On Anus
431,49.4,Procedures On Hemorrhoids,Operations On The Digestive System,Operations On Anus
432,49.5,Division Of Anal Sphincter,Operations On The Digestive System,Operations On Anus
433,49.6,Excision of anus,Operations On The Digestive System,Operations On Anus
434,49.7,Repair Of Anus,Operations On The Digestive System,Operations On Anus
435,49.9,Other Operations On Anus,Operations On The Digestive System,Operations On Anus
436,50.0,Hepatotomy,Operations On The Digestive System,Operations On Liver
437,50.1,Diagnostic Procedures On Liver,Operations On The Digestive System,Operations On Liver
438,50.2,Local Excision Or Destruction Of Liver Tissue Or Lesion,Operations On The Digestive System,Operations On Liver
439,50.3,Lobectomy of liver,Operations On The Digestive System,Operations On Liver
440,50.4,Total hepatectomy,Operations On The Digestive System,Operations On Liver
441,50.5,Liver Transplant,Operations On The Digestive System,Operations On Liver
442,50.6,Repair Of Liver,Operations On The Digestive System,Operations On Liver
443,50.9,Other Operations On Liver,Operations On The Digestive System,Operations On Liver
444,51.0,Cholecystotomy And Cholecystostomy,Operations On The Digestive System,Operations On Gallbladder And Biliary Tract
445,51.1,Diagnostic Procedures On Biliary Tract,Operations On The Digestive System,Operations On Gallbladder And Biliary Tract
446,51.2,Cholecystectomy,Operations On The Digestive System,Operations On Gallbladder And Biliary Tract
447,51.3,Anastomosis Of Gallbladder Or Bile Duct,Operations On The Digestive System,Operations On Gallbladder And Biliary Tract
448,51.4,Incision Of Bile Duct For Relief Of Obstruction,Operations On The Digestive System,Operations On Gallbladder And Biliary Tract
449,51.5,Other Incision Of Bile Duct,Operations On The Digestive System,Operations On Gallbladder And Biliary Tract
450,51.6,Local Excision Or Destruction Of Lesion Or Tissue Of Biliary Ducts And Sphincter Of Oddi,Operations On The Digestive System,Operations On Gallbladder And Biliary Tract
451,51.7,Repair Of Bile Ducts,Operations On The Digestive System,Operations On Gallbladder And Biliary Tract
452,51.8,Other Operations On Biliary Ducts And Sphincter Of Oddi,Operations On The Digestive System,Operations On Gallbladder And Biliary Tract
453,51.9,Other Operations On Biliary Tract,Operations On The Digestive System,Operations On Gallbladder And Biliary Tract
454,52.0,Pancreatotomy,Operations On The Digestive System,Operations On Pancreas
455,52.1,Diagnostic Procedures On Pancreas,Operations On The Digestive System,Operations On Pancreas
456,52.2,Local Excision Or Destruction Of Pancreas And Pancreatic Duct,Operations On The Digestive System,Operations On Pancreas
457,52.3,Marsupialization of pancreatic cyst,Operations On The Digestive System,Operations On Pancreas
458,52.4,Internal drainage of pancreatic cyst,Operations On The Digestive System,Operations On Pancreas
459,52.5,Partial Pancreatectomy,Operations On The Digestive System,Operations On Pancreas
460,52.6,Total pancreatectomy,Operations On The Digestive System,Operations On Pancreas
461,52.7,Radical pancreaticoduodenectomy,Operations On The Digestive System,Operations On Pancreas
462,52.8,Transplant Of Pancreas,Operations On The Digestive System,Operations On Pancreas
463,52.9,Other Operations On Pancreas,Operations On The Digestive System,Operations On Pancreas
464,53.0,Other Unilateral Repair Of Inguinal Hernia,Operations On The Digestive System,Repair Of Hernia
465,53.1,Other Bilateral Repair Of Inguinal Hernia,Operations On The Digestive System,Repair Of Hernia
466,53.2,Unilateral Repair Of Femoral Hernia,Operations On The Digestive System,Repair Of Hernia
467,53.3,Bilateral Repair Of Femoral Hernia,Operations On The Digestive System,Repair Of Hernia
468,53.4,Repair Of Umbilical Hernia,Operations On The Digestive System,Repair Of Hernia
469,53.5,Repair Of Other Hernia Of Anterior Abdominal Wall (Without Graft Or Prosthesis),Operations On The Digestive System,Repair Of Hernia
470,53.6,Repair Of Other Hernia Of Anterior Abdominal Wall With Graft Or Prosthesis,Operations On The Digestive System,Repair Of Hernia
471,53.7,"Repair Of Diaphragmatic Hernia, Abdominal Approach",Operations On The Digestive System,Repair Of Hernia
472,53.8,"Repair Of Diaphragmatic Hernia, Thoracic Approach",Operations On The Digestive System,Repair Of Hernia
473,53.9,Other hernia repair,Operations On The Digestive System,Repair Of Hernia
474,54.0,Incision of abdominal wall,Operations On The Digestive System,Other Operations On Abdominal Region
475,54.1,Laparotomy,Operations On The Digestive System,Other Operations On Abdominal Region
476,54.2,Diagnostic Procedures Of Abdominal Region,Operations On The Digestive System,Other Operations On Abdominal Region
477,54.3,Excision or destruction of lesion or tissue of abdominal wall or umbilicus,Operations On The Digestive System,Other Operations On Abdominal Region
478,54.4,Excision or destruction of peritoneal tissue,Operations On The Digestive System,Other Operations On Abdominal Region
479,54.5,Lysis Of Peritoneal Adhesions,Operations On The Digestive System,Other Operations On Abdominal Region
480,54.6,Suture Of Abdominal Wall And Peritoneum,Operations On The Digestive System,Other Operations On Abdominal Region
481,54.7,Other Repair Of Abdominal Wall And Peritoneum,Operations On The Digestive System,Other Operations On Abdominal Region
482,54.9,Other Operations Of Abdominal Region,Operations On The Digestive System,Other Operations On Abdominal Region
483,55.0,Nephrotomy And Nephrostomy,Operations On The Urinary System,Operations On Kidney
484,55.1,Pyelotomy And Pyelostomy,Operations On The Urinary System,Operations On Kidney
485,55.2,Diagnostic Procedures On Kidney,Operations On The Urinary System,Operations On Kidney
486,55.3,Local Excision Or Destruction Of Lesion Or Tissue Of Kidney,Operations On The Urinary System,Operations On Kidney
487,55.4,Partial nephrectomy,Operations On The Urinary System,Operations On Kidney
488,55.5,Complete Nephrectomy,Operations On The Urinary System,Operations On Kidney
489,55.6,Transplant Of Kidney,Operations On The Urinary System,Operations On Kidney
490,55.7,Nephropexy,Operations On The Urinary System,Operations On Kidney
491,55.8,Other Repair Of Kidney,Operations On The Urinary System,Operations On Kidney
492,55.9,Other Operations On Kidney,Operations On The Urinary System,Operations On Kidney
493,56.0,Transurethral removal of obstruction from ureter and renal pelvis,Operations On The Urinary System,Operations On Ureter
494,56.1,Ureteral meatotomy,Operations On The Urinary System,Operations On Ureter
495,56.2,Ureterotomy,Operations On The Urinary System,Operations On Ureter
496,56.3,Diagnostic Procedures On Ureter,Operations On The Urinary System,Operations On Ureter
497,56.4,Ureterectomy,Operations On The Urinary System,Operations On Ureter
498,56.5,Cutaneous Uretero-Ileostomy,Operations On The Urinary System,Operations On Ureter
499,56.6,Other External Urinary Diversion,Operations On The Urinary System,Operations On Ureter
500,56.7,Other Anastomosis Or Bypass Of Ureter,Operations On The Urinary System,Operations On Ureter
501,56.8,Repair Of Ureter,Operations On The Urinary System,Operations On Ureter
502,56.9,Other Operations On Ureter,Operations On The Urinary System,Operations On Ureter
503,57.0,Transurethral clearance of bladder,Operations On The Urinary System,Operations On Urinary Bladder
504,57.1,Cystotomy And Cystostomy,Operations On The Urinary System,Operations On Urinary Bladder
505,57.2,Vesicostomy,Operations On The Urinary System,Operations On Urinary Bladder
506,57.3,Diagnostic Procedures On Bladder,Operations On The Urinary System,Operations On Urinary Bladder
507,57.4,Transurethral Excision Or Destruction Of Bladder Tissue,Operations On The Urinary System,Operations On Urinary Bladder
508,57.5,Other Excision Or Destruction Of Bladder Tissue,Operations On The Urinary System,Operations On Urinary Bladder
509,57.6,Partial cystectomy,Operations On The Urinary System,Operations On Urinary Bladder
510,57.7,Total Cystectomy,Operations On The Urinary System,Operations On Urinary Bladder
511,57.8,Other Repair Of Urinary Bladder,Operations On The Urinary System,Operations On Urinary Bladder
512,57.9,Other Operations On Bladder,Operations On The Urinary System,Operations On Urinary Bladder
513,58.0,Urethrotomy,Operations On The Urinary System,Operations On Urethra
514,58.1,Urethral meatotomy,Operations On The Urinary System,Operations On Urethra
515,58.2,Diagnostic Procedures On Urethra,Operations On The Urinary System,Operations On Urethra
516,58.3,Excision Or Destruction Of Lesion Or Tissue Of Urethra,Operations On The Urinary System,Operations On Urethra
517,58.4,Repair Of Urethra,Operations On The Urinary System,Operations On Urethra
518,58.5,Release of urethral stricture,Operations On The Urinary System,Operations On Urethra
519,58.6,Dilation of urethra,Operations On The Urinary System,Operations On Urethra
520,58.9,Other Operations On Urethra And Periurethral Tissue,Operations On The Urinary System,Operations On Urethra
521,59.0,Dissection Of Retroperitoneal Tissue,Operations On The Urinary System,Other Operations On Urinary Tract
522,59.1,Incision Of Perivesical Tissue,Operations On The Urinary System,Other Operations On Urinary Tract
523,59.2,Diagnostic Procedures On Perirenal And Perivesical Tissue,Operations On The Urinary System,Other Operations On Urinary Tract
524,59.3,Plication of urethrovesical junction,Operations On The Urinary System,Other Operations On Urinary Tract
525,59.4,Suprapubic sling operation,Operations On The Urinary System,Other Operations On Urinary Tract
526,59.5,Retropubic urethral suspension,Operations On The Urinary System,Other Operations On Urinary Tract
527,59.6,Paraurethral suspension,Operations On The Urinary System,Other Operations On Urinary Tract
528,59.7,Other Repair Of Urinary Stress Incontinence,Operations On The Urinary System,Other Operations On Urinary Tract
529,59.8,Ureteral catheterization,Operations On The Urinary System,Other Operations On Urinary Tract
530,59.9,Other Operations On Urinary System,Operations On The Urinary System,Other Operations On Urinary Tract
531,60.0,Incision of prostate,Operations On The Male Genital Organs,Operations On Prostate And Seminal Vesicles
532,60.1,Diagnostic Procedures On Prostate And Seminal Vesicles,Operations On The Male Genital Organs,Operations On Prostate And Seminal Vesicles
533,60.2,Transurethral Prostatectomy,Operations On The Male Genital Organs,Operations On Prostate And Seminal Vesicles
534,60.3,Suprapubic prostatectomy,Operations On The Male Genital Organs,Operations On Prostate And Seminal Vesicles
535,60.4,Retropubic prostatectomy,Operations On The Male Genital Organs,Operations On Prostate And Seminal Vesicles
536,60.5,Radical prostatectomy,Operations On The Male Genital Organs,Operations On Prostate And Seminal Vesicles
537,60.6,Other Prostatectomy,Operations On The Male Genital Organs,Operations On Prostate And Seminal Vesicles
538,60.7,Operations On Seminal Vesicles,Operations On The Male Genital Organs,Operations On Prostate And Seminal Vesicles
539,60.8,Incision Or Excision Of Periprostatic Tissue,Operations On The Male Genital Organs,Operations On Prostate And Seminal Vesicles
540,60.9,Other Operations On Prostate,Operations On The Male Genital Organs,Operations On Prostate And Seminal Vesicles
541,61.0,Incision and drainage of scrotum and tunica vaginalis,Operations On The Male Genital Organs,Operations On Scrotum And Tunica Vaginalis
542,61.1,Diagnostic Procedures On Scrotum And Tunica Vaginalis,Operations On The Male Genital Organs,Operations On Scrotum And Tunica Vaginalis
543,61.2,Excision of hydrocele (of tunica vaginalis),Operations On The Male Genital Organs,Operations On Scrotum And Tunica Vaginalis
544,61.3,Excision or destruction of lesion or tissue of scrotum,Operations On The Male Genital Organs,Operations On Scrotum And Tunica Vaginalis
545,61.4,Repair Of Scrotum And Tunica Vaginalis,Operations On The Male Genital Organs,Operations On Scrotum And Tunica Vaginalis
546,61.9,Other Operations On Scrotum And Tunica Vaginalis,Operations On The Male Genital Organs,Operations On Scrotum And Tunica Vaginalis
547,62.0,Incision of testis,Operations On The Male Genital Organs,Operations On Testes
548,62.1,Diagnostic Procedures On Testes,Operations On The Male Genital Organs,Operations On Testes
549,62.2,Excision or destruction of testicular lesion,Operations On The Male Genital Organs,Operations On Testes
550,62.3,Unilateral orchiectomy,Operations On The Male Genital Organs,Operations On Testes
551,62.4,Bilateral Orchiectomy,Operations On The Male Genital Organs,Operations On Testes
552,62.5,Orchiopexy,Operations On The Male Genital Organs,Operations On Testes
553,62.6,Repair Of Testes,Operations On The Male Genital Organs,Operations On Testes
554,62.7,Insertion of testicular prosthesis,Operations On The Male Genital Organs,Operations On Testes
555,62.9,Other Operations On Testis,Operations On The Male Genital Organs,Operations On Testes
556,63.0,"Diagnostic Procedures On Spermatic Cord, Epididymis And Vas Deferens",Operations On The Male Genital Organs,"Operations On Spermatic Cord, Epididymis, And Vas Deferens"
557,63.1,Excision of varicocele and hydrocele of spermatic cord,Operations On The Male Genital Organs,"Operations On Spermatic Cord, Epididymis, And Vas Deferens"
558,63.2,Excision of cyst of epididymis,Operations On The Male Genital Organs,"Operations On Spermatic Cord, Epididymis, And Vas Deferens"
559,63.3,Excision of other lesion or tissue of spermatic cord and epididymis,Operations On The Male Genital Organs,"Operations On Spermatic Cord, Epididymis, And Vas Deferens"
560,63.4,Epididymectomy,Operations On The Male Genital Organs,"Operations On Spermatic Cord, Epididymis, And Vas Deferens"
561,63.5,Repair Of Spermatic Cord And Epididymis,Operations On The Male Genital Organs,"Operations On Spermatic Cord, Epididymis, And Vas Deferens"
562,63.6,Vasotomy,Operations On The Male Genital Organs,"Operations On Spermatic Cord, Epididymis, And Vas Deferens"
563,63.7,Vasectomy And Ligation Of Vas Deferens,Operations On The Male Genital Organs,"Operations On Spermatic Cord, Epididymis, And Vas Deferens"
564,63.8,Repair Of Vas Deferens And Epididymis,Operations On The Male Genital Organs,"Operations On Spermatic Cord, Epididymis, And Vas Deferens"
565,63.9,"Other Operations On Spermatic Cord, Epididymis And Vas Deferens",Operations On The Male Genital Organs,"Operations On Spermatic Cord, Epididymis, And Vas Deferens"
566,64.0,Circumcision,Operations On The Male Genital Organs,Operations On Penis
567,64.1,Diagnostic Procedures On The Penis,Operations On The Male Genital Organs,Operations On Penis
568,64.2,Local excision or destruction of lesion of penis,Operations On The Male Genital Organs,Operations On Penis
569,64.3,Amputation of penis,Operations On The Male Genital Organs,Operations On Penis
570,64.4,Repair And Plastic Operation On Penis,Operations On The Male Genital Organs,Operations On Penis
571,64.5,"Operations for sex transformation, not elsewhere classified",Operations On The Male Genital Organs,Operations On Penis
572,64.9,Other Operations On Male Genital Organs,Operations On The Male Genital Organs,Operations On Penis
573,65.0,Oophorotomy,Operations On The Female Genital Organs,Operations On Ovary
574,65.1,Diagnostic Procedures On Ovaries,Operations On The Female Genital Organs,Operations On Ovary
575,65.2,Local Excision Or Destruction Of Ovarian Lesion Or Tissue,Operations On The Female Genital Organs,Operations On Ovary
576,65.3,Unilateral Oophorectomy,Operations On The Female Genital Organs,Operations On Ovary
577,65.4,Unilateral Salpingo-Oophorectomy,Operations On The Female Genital Organs,Operations On Ovary
578,65.5,Bilateral Oophorectomy,Operations On The Female Genital Organs,Operations On Ovary
579,65.6,Bilateral Salpingo-Oophorectomy,Operations On The Female Genital Organs,Operations On Ovary
580,65.7,Repair Of Ovary,Operations On The Female Genital Organs,Operations On Ovary
581,65.8,Lysis Of Adhesions Of Ovary And Fallopian Tube,Operations On The Female Genital Organs,Operations On Ovary
582,65.9,Other Operations On Ovary,Operations On The Female Genital Organs,Operations On Ovary
583,66.0,Salpingotomy And Salpingostomy,Operations On The Female Genital Organs,Operations On Fallopian Tubes
584,66.1,Diagnostic Procedures On Fallopian Tubes,Operations On The Female Genital Organs,Operations On Fallopian Tubes
585,66.2,Bilateral Endoscopic Destruction Or Occlusion Of Fallopian Tubes,Operations On The Female Genital Organs,Operations On Fallopian Tubes
586,66.3,Other Bilateral Destruction Or Occlusion Of Fallopian Tubes,Operations On The Female Genital Organs,Operations On Fallopian Tubes
587,66.4,Total unilateral salpingectomy,Operations On The Female Genital Organs,Operations On Fallopian Tubes
588,66.5,Total Bilateral Salpingectomy,Operations On The Female Genital Organs,Operations On Fallopian Tubes
589,66.6,Other Salpingectomy,Operations On The Female Genital Organs,Operations On Fallopian Tubes
590,66.7,Repair Of Fallopian Tube,Operations On The Female Genital Organs,Operations On Fallopian Tubes
591,66.8,Insufflation of fallopian tube,Operations On The Female Genital Organs,Operations On Fallopian Tubes
592,66.9,Other Operations On Fallopian Tubes,Operations On The Female Genital Organs,Operations On Fallopian Tubes
593,67.0,Dilation of cervical canal,Operations On The Female Genital Organs,Operations On Cervix
594,67.1,Diagnostic Procedures On Cervix,Operations On The Female Genital Organs,Operations On Cervix
595,67.2,Conization of cervix,Operations On The Female Genital Organs,Operations On Cervix
596,67.3,Other Excision Or Destruction Of Lesion Or Tissue Of Cervix,Operations On The Female Genital Organs,Operations On Cervix
597,67.4,Amputation of cervix,Operations On The Female Genital Organs,Operations On Cervix
598,67.5,Repair Of Internal Cervical Os,Operations On The Female Genital Organs,Operations On Cervix
599,67.6,Other Repair Of Cervix,Operations On The Female Genital Organs,Operations On Cervix
600,68.0,Hysterotomy,Operations On The Female Genital Organs,Other Incision And Excision Of Uterus
601,68.1,Diagnostic Procedures On Uterus And Supporting Structures,Operations On The Female Genital Organs,Other Incision And Excision Of Uterus
602,68.2,Excision Or Destruction Of Lesion Or Tissue Of Uterus,Operations On The Female Genital Organs,Other Incision And Excision Of Uterus
603,68.3,Subtotal Abdominal Hysterectomy,Operations On The Female Genital Organs,Other Incision And Excision Of Uterus
604,68.4,Total Abdominal Hysterectomy,Operations On The Female Genital Organs,Other Incision And Excision Of Uterus
605,68.5,Vaginal Hysterectomy,Operations On The Female Genital Organs,Other Incision And Excision Of Uterus
606,68.6,Radical Abdominal Hysterectomy,Operations On The Female Genital Organs,Other Incision And Excision Of Uterus
607,68.7,Radical Vaginal Hysterectomy,Operations On The Female Genital Organs,Other Incision And Excision Of Uterus
608,68.8,Pelvic evisceration,Operations On The Female Genital Organs,Other Incision And Excision Of Uterus
609,68.9,Other and unspecified hysterectomy,Operations On The Female Genital Organs,Other Incision And Excision Of Uterus
610,69.0,Dilation And Curettage Of Uterus,Operations On The Female Genital Organs,Other Operations On Uterus And Supporting Structures
611,69.1,Excision Or Destruction Of Lesion Or Tissue Of Uterus And Supporting Structures,Operations On The Female Genital Organs,Other Operations On Uterus And Supporting Structures
612,69.2,Repair Of Uterine Supporting Structures,Operations On The Female Genital Organs,Other Operations On Uterus And Supporting Structures
613,69.3,Paracervical uterine denervation,Operations On The Female Genital Organs,Other Operations On Uterus And Supporting Structures
614,69.4,Uterine Repair,Operations On The Female Genital Organs,Other Operations On Uterus And Supporting Structures
615,69.5,Aspiration Curettage Of Uterus,Operations On The Female Genital Organs,Other Operations On Uterus And Supporting Structures
616,69.6,Menstrual extraction or regulation,Operations On The Female Genital Organs,Other Operations On Uterus And Supporting Structures
617,69.7,Insertion of intrauterine contraceptive device,Operations On The Female Genital Organs,Other Operations On Uterus And Supporting Structures
618,69.9,"Other Operations On Uterus, Cervix, And Supporting Structures",Operations On The Female Genital Organs,Other Operations On Uterus And Supporting Structures
619,70.0,Culdocentesis,Operations On The Female Genital Organs,Operations On Vagina And Cul-De-Sac
620,70.1,Incision Of Vagina And Cul-De-Sac,Operations On The Female Genital Organs,Operations On Vagina And Cul-De-Sac
621,70.2,Diagnostic Procedures On Vagina And Cul-De-Sac,Operations On The Female Genital Organs,Operations On Vagina And Cul-De-Sac
622,70.3,Local Excision Or Destruction Of Vagina And Cul-De-Sac,Operations On The Female Genital Organs,Operations On Vagina And Cul-De-Sac
623,70.4,Obliteration and total excision of vagina,Operations On The Female Genital Organs,Operations On Vagina And Cul-De-Sac
624,70.5,Repair Of Cystocele And Rectocele,Operations On The Female Genital Organs,Operations On Vagina And Cul-De-Sac
625,70.6,Vaginal Construction And Reconstruction,Operations On The Female Genital Organs,Operations On Vagina And Cul-De-Sac
626,70.7,Other Repair Of Vagina,Operations On The Female Genital Organs,Operations On Vagina And Cul-De-Sac
627,70.8,Obliteration of vaginal vault,Operations On The Female Genital Organs,Operations On Vagina And Cul-De-Sac
628,70.9,Other Operations On Vagina And Cul-De-Sac,Operations On The Female Genital Organs,Operations On Vagina And Cul-De-Sac
629,71.0,Incision Of Vulva And Perineum,Operations On The Female Genital Organs,Operations On Vulva And Perineum
630,71.1,Diagnostic Procedures On Vulva,Operations On The Female Genital Organs,Operations On Vulva And Perineum
631,71.2,Operations On Bartholin's Gland,Operations On The Female Genital Organs,Operations On Vulva And Perineum
632,71.3,Other local excision or destruction of vulva and perineum,Operations On The Female Genital Organs,Operations On Vulva And Perineum
633,71.4,Operations on clitoris,Operations On The Female Genital Organs,Operations On Vulva And Perineum
634,71.5,Radical vulvectomy,Operations On The Female Genital Organs,Operations On Vulva And Perineum
635,71.6,Other Vulvectomy,Operations On The Female Genital Organs,Operations On Vulva And Perineum
636,71.7,Repair Of Vulva And Perineum,Operations On The Female Genital Organs,Operations On Vulva And Perineum
637,71.8,Other operations on vulva,Operations On The Female Genital Organs,Operations On Vulva And Perineum
638,71.9,Other operations on female genital organs,Operations On The Female Genital Organs,Operations On Vulva And Perineum
639,72.0,Low forceps operation,Obstetrical Procedures,"Forceps, Vacuum, And Breech Delivery"
640,72.1,Low forceps operation with episiotomy,Obstetrical Procedures,"Forceps, Vacuum, And Breech Delivery"
641,72.2,Mid Forceps Operation,Obstetrical Procedures,"Forceps, Vacuum, And Breech Delivery"
642,72.3,High Forceps Operation,Obstetrical Procedures,"Forceps, Vacuum, And Breech Delivery"
643,72.4,Forceps rotation of fetal head,Obstetrical Procedures,"Forceps, Vacuum, And Breech Delivery"
644,72.5,Breech Extraction,Obstetrical Procedures,"Forceps, Vacuum, And Breech Delivery"
645,72.6,Forceps application to aftercoming head,Obstetrical Procedures,"Forceps, Vacuum, And Breech Delivery"
646,72.7,Vacuum Extraction,Obstetrical Procedures,"Forceps, Vacuum, And Breech Delivery"
647,72.8,Other specified instrumental delivery,Obstetrical Procedures,"Forceps, Vacuum, And Breech Delivery"
648,72.9,Unspecified instrumental delivery,Obstetrical Procedures,"Forceps, Vacuum, And Breech Delivery"
649,73.0,Artificial Rupture Of Membranes,Obstetrical Procedures,Other Procedures Inducing Or Assisting Delivery
650,73.1,Other surgical induction of labor,Obstetrical Procedures,Other Procedures Inducing Or Assisting Delivery
651,73.2,Internal And Combined Version And Extraction,Obstetrical Procedures,Other Procedures Inducing Or Assisting Delivery
652,73.3,Failed forceps,Obstetrical Procedures,Other Procedures Inducing Or Assisting Delivery
653,73.4,Medical induction of labor,Obstetrical Procedures,Other Procedures Inducing Or Assisting Delivery
654,73.5,Manually Assisted Delivery,Obstetrical Procedures,Other Procedures Inducing Or Assisting Delivery
655,73.6,Episiotomy,Obstetrical Procedures,Other Procedures Inducing Or Assisting Delivery
656,73.8,Operations on fetus to facilitate delivery,Obstetrical Procedures,Other Procedures Inducing Or Assisting Delivery
657,73.9,Other Operations Assisting Delivery,Obstetrical Procedures,Other Procedures Inducing Or Assisting Delivery
658,74.0,Classical cesarean section,Obstetrical Procedures,Cesarean Section And Removal Of Fetus
659,74.1,Low cervical cesarean section,Obstetrical Procedures,Cesarean Section And Removal Of Fetus
660,74.2,Extraperitoneal cesarean section,Obstetrical Procedures,Cesarean Section And Removal Of Fetus
661,74.3,Removal of extratubal ectopic pregnancy,Obstetrical Procedures,Cesarean Section And Removal Of Fetus
662,74.4,Cesarean section of other specified type,Obstetrical Procedures,Cesarean Section And Removal Of Fetus
663,74.9,Cesarean Section Of Unspecified Type,Obstetrical Procedures,Cesarean Section And Removal Of Fetus
664,75.0,Intra-amniotic injection for abortion,Obstetrical Procedures,Other Obstetric Operations
665,75.1,Diagnostic amniocentesis,Obstetrical Procedures,Other Obstetric Operations
666,75.2,Intrauterine transfusion,Obstetrical Procedures,Other Obstetric Operations
667,75.3,Other Intrauterine Operations On Fetus And Amnion,Obstetrical Procedures,Other Obstetric Operations
668,75.4,Manual removal of retained placenta,Obstetrical Procedures,Other Obstetric Operations
669,75.5,Repair Of Current Obstetric Laceration Of Uterus,Obstetrical Procedures,Other Obstetric Operations
670,75.6,Repair Of Other Current Obstetric Laceration,Obstetrical Procedures,Other Obstetric Operations
671,75.7,"Manual exploration of uterine cavity, postpartum",Obstetrical Procedures,Other Obstetric Operations
672,75.8,Obstetric tamponade of uterus or vagina,Obstetrical Procedures,Other Obstetric Operations
673,75.9,Other Obstetric Operations,Obstetrical Procedures,Other Obstetric Operations
674,76.0,Incision Of Facial Bone Without Division,Operations On The Musculoskeletal System,Operations On Facial Bones And Joints
675,76.1,Diagnostic Procedures On Facial Bones And Joints,Operations On The Musculoskeletal System,Operations On Facial Bones And Joints
676,76.2,Local excision or destruction of lesion of facial bone,Operations On The Musculoskeletal System,Operations On Facial Bones And Joints
677,76.3,Partial Ostectomy Of Facial Bone,Operations On The Musculoskeletal System,Operations On Facial Bones And Joints
678,76.4,Excision And Reconstruction Of Facial Bones,Operations On The Musculoskeletal System,Operations On Facial Bones And Joints
679,76.5,Temporomandibular arthroplasty,Operations On The Musculoskeletal System,Operations On Facial Bones And Joints
680,76.6,Other Facial Bone Repair And Orthognathic Surgery,Operations On The Musculoskeletal System,Operations On Facial Bones And Joints
681,76.7,Reduction Of Facial Fracture,Operations On The Musculoskeletal System,Operations On Facial Bones And Joints
682,76.9,Other Operations On Facial Bones And Joints,Operations On The Musculoskeletal System,Operations On Facial Bones And Joints
683,77.0,Sequestrectomy,Operations On The Musculoskeletal System,"Incision, Excision, And Division Of Other Bones"
684,77.1,Other Incision Of Bone Without Division,Operations On The Musculoskeletal System,"Incision, Excision, And Division Of Other Bones"
685,77.2,Wedge Osteotomy,Operations On The Musculoskeletal System,"Incision, Excision, And Division Of Other Bones"
686,77.3,Other Division Of Bone,Operations On The Musculoskeletal System,"Incision, Excision, And Division Of Other Bones"
687,77.4,Biopsy Of Bone,Operations On The Musculoskeletal System,"Incision, Excision, And Division Of Other Bones"
688,77.5,Excision And Repair Of Bunion And Other Toe Deformities,Operations On The Musculoskeletal System,"Incision, Excision, And Division Of Other Bones"
689,77.6,Local Excision Of Lesion Or Tissue Of Bone,Operations On The Musculoskeletal System,"Incision, Excision, And Division Of Other Bones"
690,77.7,Excision Of Bone For Graft,Operations On The Musculoskeletal System,"Incision, Excision, And Division Of Other Bones"
691,77.8,Other Partial Ostectomy,Operations On The Musculoskeletal System,"Incision, Excision, And Division Of Other Bones"
692,77.9,Total Ostectomy,Operations On The Musculoskeletal System,"Incision, Excision, And Division Of Other Bones"
693,78.0,Bone Graft,Operations On The Musculoskeletal System,"Other Operations On Bones, Except Facial Bones"
694,78.1,Application Of External Fixation Device,Operations On The Musculoskeletal System,"Other Operations On Bones, Except Facial Bones"
695,78.2,Limb Shortening Procedures,Operations On The Musculoskeletal System,"Other Operations On Bones, Except Facial Bones"
696,78.3,Limb Lengthening Procedures,Operations On The Musculoskeletal System,"Other Operations On Bones, Except Facial Bones"
697,78.4,Other Repair Or Plastic Operations On Bone,Operations On The Musculoskeletal System,"Other Operations On Bones, Except Facial Bones"
698,78.5,Internal Fixation Of Bone Without Fracture Reduction,Operations On The Musculoskeletal System,"Other Operations On Bones, Except Facial Bones"
699,78.6,Removal Of Implanted Devices From Bone,Operations On The Musculoskeletal System,"Other Operations On Bones, Except Facial Bones"
700,78.7,Osteoclasis,Operations On The Musculoskeletal System,"Other Operations On Bones, Except Facial Bones"
701,78.8,"Diagnostic Procedures On Bone, Not Elsewhere Classified",Operations On The Musculoskeletal System,"Other Operations On Bones, Except Facial Bones"
702,78.9,Insertion Of Bone Growth Stimulator,Operations On The Musculoskeletal System,"Other Operations On Bones, Except Facial Bones"
703,79.0,Closed Reduction Of Fracture Without Internal Fixation,Operations On The Musculoskeletal System,Reduction Of Fracture And Dislocation
704,79.1,Closed Reduction Of Fracture With Internal Fixation,Operations On The Musculoskeletal System,Reduction Of Fracture And Dislocation
705,79.2,Open Reduction Of Fracture Without Internal Fixation,Operations On The Musculoskeletal System,Reduction Of Fracture And Dislocation
706,79.3,Open Reduction Of Fracture With Internal Fixation,Operations On The Musculoskeletal System,Reduction Of Fracture And Dislocation
707,79.4,Closed Reduction Of Separated Epiphysis,Operations On The Musculoskeletal System,Reduction Of Fracture And Dislocation
708,79.5,Open Reduction Of Separated Epiphysis,Operations On The Musculoskeletal System,Reduction Of Fracture And Dislocation
709,79.6,Debridement Of Open Fracture Site,Operations On The Musculoskeletal System,Reduction Of Fracture And Dislocation
710,79.7,Closed Reduction Of Dislocation,Operations On The Musculoskeletal System,Reduction Of Fracture And Dislocation
711,79.8,Open Reduction Of Dislocation,Operations On The Musculoskeletal System,Reduction Of Fracture And Dislocation
712,79.9,Unspecified Operation On Bone Injury,Operations On The Musculoskeletal System,Reduction Of Fracture And Dislocation
713,80.0,Arthrotomy For Removal Of Prosthesis,Operations On The Musculoskeletal System,Incision And Excision Of Joint Structures
714,80.1,Other Arthrotomy,Operations On The Musculoskeletal System,Incision And Excision Of Joint Structures
715,80.2,Arthroscopy,Operations On The Musculoskeletal System,Incision And Excision Of Joint Structures
716,80.3,Biopsy Of Joint Structure,Operations On The Musculoskeletal System,Incision And Excision Of Joint Structures
717,80.4,"Division Of Joint Capsule, Ligament, Or Cartilage",Operations On The Musculoskeletal System,Incision And Excision Of Joint Structures
718,80.5,"Excision, Destruction And Other Repair Of Intervertebral Disc",Operations On The Musculoskeletal System,Incision And Excision Of Joint Structures
719,80.6,Excision of semilunar cartilage of knee,Operations On The Musculoskeletal System,Incision And Excision Of Joint Structures
720,80.7,Synovectomy,Operations On The Musculoskeletal System,Incision And Excision Of Joint Structures
721,80.8,Other Local Excision Or Destruction Of Lesion Of Joint,Operations On The Musculoskeletal System,Incision And Excision Of Joint Structures
722,80.9,Other Excision Of Joint,Operations On The Musculoskeletal System,Incision And Excision Of Joint Structures
723,81.0,Spinal Fusion,Operations On The Musculoskeletal System,Repair And Plastic Operations On Joint Structures
724,81.1,Arthrodesis And Arthroereisis Of Foot And Ankle,Operations On The Musculoskeletal System,Repair And Plastic Operations On Joint Structures
725,81.2,Arthrodesis Of Other Joint,Operations On The Musculoskeletal System,Repair And Plastic Operations On Joint Structures
726,81.3,Refusion Of Spine,Operations On The Musculoskeletal System,Repair And Plastic Operations On Joint Structures
727,81.4,Other Repair Of Joint Of Lower Extremity,Operations On The Musculoskeletal System,Repair And Plastic Operations On Joint Structures
728,81.5,Joint Replacement Of Lower Extremity,Operations On The Musculoskeletal System,Repair And Plastic Operations On Joint Structures
729,81.6,Other Procedures On Spine,Operations On The Musculoskeletal System,Repair And Plastic Operations On Joint Structures
730,81.7,"Arthroplasty And Repair Of Hand, Fingers, And Wrist",Operations On The Musculoskeletal System,Repair And Plastic Operations On Joint Structures
731,81.8,Arthroplasty And Repair Of Shoulder And Elbow,Operations On The Musculoskeletal System,Repair And Plastic Operations On Joint Structures
732,81.9,Other Operations On Joint Structures,Operations On The Musculoskeletal System,Repair And Plastic Operations On Joint Structures
733,82.0,"Incision Of Muscle, Tendon, Fascia, And Bursa Of Hand",Operations On The Musculoskeletal System,"Operations On Muscle, Tendon, And Fascia Of Hand"
734,82.1,"Division Of Muscle, Tendon, And Fascia Of Hand",Operations On The Musculoskeletal System,"Operations On Muscle, Tendon, And Fascia Of Hand"
735,82.2,"Excision Of Lesion Of Muscle, Tendon, And Fascia Of Hand",Operations On The Musculoskeletal System,"Operations On Muscle, Tendon, And Fascia Of Hand"
736,82.3,Other Excision Of Soft Tissue Of Hand,Operations On The Musculoskeletal System,"Operations On Muscle, Tendon, And Fascia Of Hand"
737,82.4,"Suture Of Muscle, Tendon, And Fascia Of Hand",Operations On The Musculoskeletal System,"Operations On Muscle, Tendon, And Fascia Of Hand"
738,82.5,Transplantation Of Muscle And Tendon Of Hand,Operations On The Musculoskeletal System,"Operations On Muscle, Tendon, And Fascia Of Hand"
739,82.6,Reconstruction Of Thumb,Operations On The Musculoskeletal System,"Operations On Muscle, Tendon, And Fascia Of Hand"
740,82.7,Plastic Operation On Hand With Graft Or Implant,Operations On The Musculoskeletal System,"Operations On Muscle, Tendon, And Fascia Of Hand"
741,82.8,Other Plastic Operations On Hand,Operations On The Musculoskeletal System,"Operations On Muscle, Tendon, And Fascia Of Hand"
742,82.9,"Other Operations On Muscle, Tendon, And Fascia Of Hand",Operations On The Musculoskeletal System,"Operations On Muscle, Tendon, And Fascia Of Hand"
743,83.0,"Incision Of Muscle, Tendon, Fascia, And Bursa",Operations On The Musculoskeletal System,"Operations On Muscle, Tendon, Fascia, And Bursa, Except Hand"
744,83.1,"Division Of Muscle, Tendon, And Fascia",Operations On The Musculoskeletal System,"Operations On Muscle, Tendon, Fascia, And Bursa, Except Hand"
745,83.2,"Diagnostic Procedures On Muscle, Tendon, Fascia, And Bursa, Including That Of Hand",Operations On The Musculoskeletal System,"Operations On Muscle, Tendon, Fascia, And Bursa, Except Hand"
746,83.3,"Excision Of Lesion Of Muscle, Tendon, Fascia, And Bursa",Operations On The Musculoskeletal System,"Operations On Muscle, Tendon, Fascia, And Bursa, Except Hand"
747,83.4,"Other Excision Of Muscle, Tendon, And Fascia",Operations On The Musculoskeletal System,"Operations On Muscle, Tendon, Fascia, And Bursa, Except Hand"
748,83.5,Bursectomy,Operations On The Musculoskeletal System,"Operations On Muscle, Tendon, Fascia, And Bursa, Except Hand"
749,83.6,"Suture Of Muscle, Tendon, And Fascia",Operations On The Musculoskeletal System,"Operations On Muscle, Tendon, Fascia, And Bursa, Except Hand"
750,83.7,Reconstruction Of Muscle And Tendon,Operations On The Musculoskeletal System,"Operations On Muscle, Tendon, Fascia, And Bursa, Except Hand"
751,83.8,"Other Plastic Operations On Muscle, Tendon, And Fascia",Operations On The Musculoskeletal System,"Operations On Muscle, Tendon, Fascia, And Bursa, Except Hand"
752,83.9,"Other Operations On Muscle, Tendon, Fascia, And Bursa",Operations On The Musculoskeletal System,"Operations On Muscle, Tendon, Fascia, And Bursa, Except Hand"
753,84.0,Amputation Of Upper Limb,Operations On The Musculoskeletal System,Other Procedures On Musculoskeletal System
754,84.1,Amputation Of Lower Limb,Operations On The Musculoskeletal System,Other Procedures On Musculoskeletal System
755,84.2,Reattachment Of Extremity,Operations On The Musculoskeletal System,Other Procedures On Musculoskeletal System
756,84.3,Revision of amputation stump,Operations On The Musculoskeletal System,Other Procedures On Musculoskeletal System
757,84.4,Implantation Or Fitting Of Prosthetic Limb Device,Operations On The Musculoskeletal System,Other Procedures On Musculoskeletal System
758,84.5,Implantation Of Other Musculoskeletal Devices And Substances,Operations On The Musculoskeletal System,Other Procedures On Musculoskeletal System
759,84.6,Replacement Of Spinal Disc,Operations On The Musculoskeletal System,Other Procedures On Musculoskeletal System
760,84.7,Application Of External Fixator Device,Operations On The Musculoskeletal System,Other Procedures On Musculoskeletal System
761,84.8,"Insertion, Replacement And Revision Of Posterior Spinal Motion Preservation Device(s)",Operations On The Musculoskeletal System,Other Procedures On Musculoskeletal System
762,84.9,Other Operations On Musculoskeletal System,Operations On The Musculoskeletal System,Other Procedures On Musculoskeletal System
763,85.0,Mastotomy,Operations On The Integumentary System,Operations On The Breast
764,85.1,Diagnostic Procedures On Breast,Operations On The Integumentary System,Operations On The Breast
765,85.2,Excision Or Destruction Of Breast Tissue,Operations On The Integumentary System,Operations On The Breast
766,85.3,Reduction Mammoplasty And Subcutaneous Mammectomy,Operations On The Integumentary System,Operations On The Breast
767,85.4,Mastectomy,Operations On The Integumentary System,Operations On The Breast
768,85.5,Augmentation Mammoplasty,Operations On The Integumentary System,Operations On The Breast
769,85.6,Mastopexy,Operations On The Integumentary System,Operations On The Breast
770,85.7,Total Reconstruction Of Breast,Operations On The Integumentary System,Operations On The Breast
771,85.8,Other Repair And Plastic Operations On Breast,Operations On The Integumentary System,Operations On The Breast
772,85.9,Other Operations On The Breast,Operations On The Integumentary System,Operations On The Breast
773,86.0,Incision Of Skin And Subcutaneous Tissue,Operations On The Integumentary System,Operations On Skin And Subcutaneous Tissue
774,86.1,Diagnostic Procedures On Skin And Subcutaneous Tissue,Operations On The Integumentary System,Operations On Skin And Subcutaneous Tissue
775,86.2,Excision Or Destruction Of Lesion Or Tissue Of Skin And Subcutaneous Tissue,Operations On The Integumentary System,Operations On Skin And Subcutaneous Tissue
776,86.3,Other local excision or destruction of lesion or tissue of skin and subcutaneous tissue,Operations On The Integumentary System,Operations On Skin And Subcutaneous Tissue
777,86.4,Radical excision of skin lesion,Operations On The Integumentary System,Operations On Skin And Subcutaneous Tissue
778,86.5,Suture Or Other Closure Of Skin And Subcutaneous Tissue,Operations On The Integumentary System,Operations On Skin And Subcutaneous Tissue
779,86.6,Free Skin Graft,Operations On The Integumentary System,Operations On Skin And Subcutaneous Tissue
780,86.7,Pedicle Grafts Or Flaps,Operations On The Integumentary System,Operations On Skin And Subcutaneous Tissue
781,86.8,Other Repair And Reconstruction Of Skin And Subcutaneous Tissue,Operations On The Integumentary System,Operations On Skin And Subcutaneous Tissue
782,86.9,Other Operations On Skin And Subcutaneous Tissue,Operations On The Integumentary System,Operations On Skin And Subcutaneous Tissue
783,87.0,"Soft Tissue X-Ray Of Face, Head, And Neck",Miscellaneous Diagnostic And Therapeutic Procedures,Diagnostic Radiology
784,87.1,"Other X-Ray Of Face, Head, And Neck",Miscellaneous Diagnostic And Therapeutic Procedures,Diagnostic Radiology
785,87.2,X-Ray Of Spine,Miscellaneous Diagnostic And Therapeutic Procedures,Diagnostic Radiology
786,87.3,Soft Tissue X-Ray Of Thorax,Miscellaneous Diagnostic And Therapeutic Procedures,Diagnostic Radiology
787,87.4,Other X-Ray Of Thorax,Miscellaneous Diagnostic And Therapeutic Procedures,Diagnostic Radiology
788,87.5,Biliary Tract X-Ray,Miscellaneous Diagnostic And Therapeutic Procedures,Diagnostic Radiology
789,87.6,Other X-Ray Of Digestive System,Miscellaneous Diagnostic And Therapeutic Procedures,Diagnostic Radiology
790,87.7,X-Ray Of Urinary System,Miscellaneous Diagnostic And Therapeutic Procedures,Diagnostic Radiology
791,87.8,X-Ray Of Female Genital Organs,Miscellaneous Diagnostic And Therapeutic Procedures,Diagnostic Radiology
792,87.9,X-Ray Of Male Genital Organs,Miscellaneous Diagnostic And Therapeutic Procedures,Diagnostic Radiology
793,88.0,Soft Tissue X-Ray Of Abdomen,Miscellaneous Diagnostic And Therapeutic Procedures,Other Diagnostic Radiology And Related Techniques
794,88.1,Other X-Ray Of Abdomen,Miscellaneous Diagnostic And Therapeutic Procedures,Other Diagnostic Radiology And Related Techniques
795,88.2,Skeletal X-Ray Of Extremities And Pelvis,Miscellaneous Diagnostic And Therapeutic Procedures,Other Diagnostic Radiology And Related Techniques
796,88.3,Other X-Ray,Miscellaneous Diagnostic And Therapeutic Procedures,Other Diagnostic Radiology And Related Techniques
797,88.4,Arteriography Using Contrast Material,Miscellaneous Diagnostic And Therapeutic Procedures,Other Diagnostic Radiology And Related Techniques
798,88.5,Angiocardiography Using Contrast Material,Miscellaneous Diagnostic And Therapeutic Procedures,Other Diagnostic Radiology And Related Techniques
799,88.6,Phlebography,Miscellaneous Diagnostic And Therapeutic Procedures,Other Diagnostic Radiology And Related Techniques
800,88.7,Diagnostic Ultrasound,Miscellaneous Diagnostic And Therapeutic Procedures,Other Diagnostic Radiology And Related Techniques
801,88.8,Thermography,Miscellaneous Diagnostic And Therapeutic Procedures,Other Diagnostic Radiology And Related Techniques
802,88.9,Other Diagnostic Imaging,Miscellaneous Diagnostic And Therapeutic Procedures,Other Diagnostic Radiology And Related Techniques
803,89.0,"Diagnostic Interview, Consultation, And Evaluation",Miscellaneous Diagnostic And Therapeutic Procedures,"Interview, Evaluation, Consultation, And Examination"
804,89.1,Anatomic And Physiologic Measurements And Manual Examinations--Nervous System And Sense Organs,Miscellaneous Diagnostic And Therapeutic Procedures,"Interview, Evaluation, Consultation, And Examination"
805,89.2,Anatomic And Physiologic Measurements And Manual Examinations--Genitourinary System,Miscellaneous Diagnostic And Therapeutic Procedures,"Interview, Evaluation, Consultation, And Examination"
806,89.3,Other Anatomic And Physiologic Measurements And Manual Examinations,Miscellaneous Diagnostic And Therapeutic Procedures,"Interview, Evaluation, Consultation, And Examination"
807,89.4,Cardiac Stress Tests And Pacemaker Checks,Miscellaneous Diagnostic And Therapeutic Procedures,"Interview, Evaluation, Consultation, And Examination"
808,89.5,Other Nonoperative Cardiac And Vascular Diagnostic Procedures,Miscellaneous Diagnostic And Therapeutic Procedures,"Interview, Evaluation, Consultation, And Examination"
809,89.6,Circulatory Monitoring,Miscellaneous Diagnostic And Therapeutic Procedures,"Interview, Evaluation, Consultation, And Examination"
810,89.7,General physical examination,Miscellaneous Diagnostic And Therapeutic Procedures,"Interview, Evaluation, Consultation, And Examination"
811,89.8,Autopsy,Miscellaneous Diagnostic And Therapeutic Procedures,"Interview, Evaluation, Consultation, And Examination"
812,90.0,Microscopic Examination Of Specimen From Nervous System And Of Spinal Fluid,Miscellaneous Diagnostic And Therapeutic Procedures,Microscopic Examination--I
813,90.1,"Microscopic Examination Of Specimen From Endocrine Gland, Not Elsewhere Classified",Miscellaneous Diagnostic And Therapeutic Procedures,Microscopic Examination--I
814,90.2,Microscopic Examination Of Specimen From Eye,Miscellaneous Diagnostic And Therapeutic Procedures,Microscopic Examination--I
815,90.3,"Microscopic Examination Of Specimen From Ear, Nose, Throat, And Larynx",Miscellaneous Diagnostic And Therapeutic Procedures,Microscopic Examination--I
816,90.4,"Microscopic Examination Of Specimen From Trachea, Bronchus, Pleura, Lung, And Other Thoracic Specimen, And Of Sputum",Miscellaneous Diagnostic And Therapeutic Procedures,Microscopic Examination--I
817,90.5,Microscopic Examination Of Blood,Miscellaneous Diagnostic And Therapeutic Procedures,Microscopic Examination--I
818,90.6,Microscopic Examination Of Specimen From Spleen And Of Bone Marrow,Miscellaneous Diagnostic And Therapeutic Procedures,Microscopic Examination--I
819,90.7,Microscopic Examination Of Specimen From Lymph Node And Of Lymph,Miscellaneous Diagnostic And Therapeutic Procedures,Microscopic Examination--I
820,90.8,Microscopic Examination Of Specimen From Upper Gastrointestinal Tract And Of Vomitus,Miscellaneous Diagnostic And Therapeutic Procedures,Microscopic Examination--I
821,90.9,Microscopic Examination Of Specimen From Lower Gastrointestinal Tract And Of Stool,Miscellaneous Diagnostic And Therapeutic Procedures,Microscopic Examination--I
822,91.0,"Microscopic Examination Of Specimen From Liver, Biliary Trace And Pancreas",Miscellaneous Diagnostic And Therapeutic Procedures,Microscopic Examination--Ii
823,91.1,Microscopic Examination Of Peritoneal And Retroperitoneal Specimen,Miscellaneous Diagnostic And Therapeutic Procedures,Microscopic Examination--Ii
824,91.2,"Microscopic Examination Of Specimen From Kidney, Ureter, Perirenal And Periureteral Tissue",Miscellaneous Diagnostic And Therapeutic Procedures,Microscopic Examination--Ii
825,91.3,"Microscopic Examination Of Specimen From Bladder, Urethra, Prostate, Seminal Vesicle, Perivesical Tissue, And Of Urine And Semen",Miscellaneous Diagnostic And Therapeutic Procedures,Microscopic Examination--Ii
826,91.4,Microscopic Examination Of Specimen From Female Genital Tract,Miscellaneous Diagnostic And Therapeutic Procedures,Microscopic Examination--Ii
827,91.5,Microscopic Examination Of Specimen From Musculoskeletal System And Of Joint Fluid,Miscellaneous Diagnostic And Therapeutic Procedures,Microscopic Examination--Ii
828,91.6,Microscopic Examination Of Specimen From Skin And Other Integument,Miscellaneous Diagnostic And Therapeutic Procedures,Microscopic Examination--Ii
829,91.7,Microscopic Examination Of Specimen From Operative Wound,Miscellaneous Diagnostic And Therapeutic Procedures,Microscopic Examination--Ii
830,91.8,Microscopic Examination Of Specimen From Other Site,Miscellaneous Diagnostic And Therapeutic Procedures,Microscopic Examination--Ii
831,91.9,Microscopic Examination Of Specimen From Unspecified Site,Miscellaneous Diagnostic And Therapeutic Procedures,Microscopic Examination--Ii
832,92.0,Radioisotope Scan And Function Study,Miscellaneous Diagnostic And Therapeutic Procedures,Nuclear Medicine
833,92.1,Other Radioisotope Scan,Miscellaneous Diagnostic And Therapeutic Procedures,Nuclear Medicine
834,92.2,Therapeutic Radiology And Nuclear Medicine,Miscellaneous Diagnostic And Therapeutic Procedures,Nuclear Medicine
835,92.3,Stereotactic Radiosurgery,Miscellaneous Diagnostic And Therapeutic Procedures,Nuclear Medicine
836,92.4,Intra-Operative Radiation Procedures,Miscellaneous Diagnostic And Therapeutic Procedures,Nuclear Medicine
837,93.0,Diagnostic Physical Therapy,Miscellaneous Diagnostic And Therapeutic Procedures,"Physical Therapy, Respiratory Therapy, Rehabilitation, And Related Procedures"
838,93.1,Physical Therapy Exercises,Miscellaneous Diagnostic And Therapeutic Procedures,"Physical Therapy, Respiratory Therapy, Rehabilitation, And Related Procedures"
839,93.2,Other Physical Therapy Musculoskeletal Manipulation,Miscellaneous Diagnostic And Therapeutic Procedures,"Physical Therapy, Respiratory Therapy, Rehabilitation, And Related Procedures"
840,93.3,Other Physical Therapy Therapeutic Procedures,Miscellaneous Diagnostic And Therapeutic Procedures,"Physical Therapy, Respiratory Therapy, Rehabilitation, And Related Procedures"
841,93.4,Skeletal Traction And Other Traction,Miscellaneous Diagnostic And Therapeutic Procedures,"Physical Therapy, Respiratory Therapy, Rehabilitation, And Related Procedures"
842,93.5,"Other Immobilization, Pressure, And Attention To Wound",Miscellaneous Diagnostic And Therapeutic Procedures,"Physical Therapy, Respiratory Therapy, Rehabilitation, And Related Procedures"
843,93.6,Osteopathic Manipulative Treatment,Miscellaneous Diagnostic And Therapeutic Procedures,"Physical Therapy, Respiratory Therapy, Rehabilitation, And Related Procedures"
844,93.7,Speech And Reading Rehabilitation And Rehabilitation Of The Blind,Miscellaneous Diagnostic And Therapeutic Procedures,"Physical Therapy, Respiratory Therapy, Rehabilitation, And Related Procedures"
845,93.8,Other Rehabilitation Therapy,Miscellaneous Diagnostic And Therapeutic Procedures,"Physical Therapy, Respiratory Therapy, Rehabilitation, And Related Procedures"
846,93.9,Respiratory Therapy,Miscellaneous Diagnostic And Therapeutic Procedures,"Physical Therapy, Respiratory Therapy, Rehabilitation, And Related Procedures"
847,94.0,Psychologic Evaluation And Testing,Miscellaneous Diagnostic And Therapeutic Procedures,Procedures Related To The Psyche
848,94.1,"Psychiatric Interviews, Consultations, And Evaluations",Miscellaneous Diagnostic And Therapeutic Procedures,Procedures Related To The Psyche
849,94.2,Psychiatric Somatotherapy,Miscellaneous Diagnostic And Therapeutic Procedures,Procedures Related To The Psyche
850,94.3,Individual Psychotherapy,Miscellaneous Diagnostic And Therapeutic Procedures,Procedures Related To The Psyche
851,94.4,Psychotherapy And Counseling,Miscellaneous Diagnostic And Therapeutic Procedures,Procedures Related To The Psyche
852,94.5,Referral For Psychologic Rehabilitation,Miscellaneous Diagnostic And Therapeutic Procedures,Procedures Related To The Psyche
853,94.6,Alcohol And Drug Rehabilitation And Detoxification,Miscellaneous Diagnostic And Therapeutic Procedures,Procedures Related To The Psyche
854,95.0,General And Subjective Eye Examination,Miscellaneous Diagnostic And Therapeutic Procedures,Ophthalmologic And Otologic Diagnosis And Treatment
855,95.1,Examinations Of Form And Structure Of Eye,Miscellaneous Diagnostic And Therapeutic Procedures,Ophthalmologic And Otologic Diagnosis And Treatment
856,95.2,Objective Functional Tests Of Eye,Miscellaneous Diagnostic And Therapeutic Procedures,Ophthalmologic And Otologic Diagnosis And Treatment
857,95.3,Special Vision Services,Miscellaneous Diagnostic And Therapeutic Procedures,Ophthalmologic And Otologic Diagnosis And Treatment
858,95.4,Nonoperative Procedures Related To Hearing,Miscellaneous Diagnostic And Therapeutic Procedures,Ophthalmologic And Otologic Diagnosis And Treatment
859,96.0,Nonoperative Intubation Of Gastrointestinal And Respiratory Tracts,Miscellaneous Diagnostic And Therapeutic Procedures,Nonoperative Intubation And Irrigation
860,96.1,Other Nonoperative Insertion,Miscellaneous Diagnostic And Therapeutic Procedures,Nonoperative Intubation And Irrigation
861,96.2,Nonoperative Dilation And Manipulation,Miscellaneous Diagnostic And Therapeutic Procedures,Nonoperative Intubation And Irrigation
862,96.3,"Nonoperative Alimentary Tract Irrigation, Cleaning, And Local Instillation",Miscellaneous Diagnostic And Therapeutic Procedures,Nonoperative Intubation And Irrigation
863,96.4,"Nonoperative Irrigation, Cleaning, And Local Instillation Of Other Digestive And Genitourinary Organs",Miscellaneous Diagnostic And Therapeutic Procedures,Nonoperative Intubation And Irrigation
864,96.5,Other Nonoperative Irrigation And Cleaning,Miscellaneous Diagnostic And Therapeutic Procedures,Nonoperative Intubation And Irrigation
865,96.6,Enteral infusion of concentrated nutritional substances,Miscellaneous Diagnostic And Therapeutic Procedures,Nonoperative Intubation And Irrigation
866,96.7,Other Continuous Invasive Mechanical Ventilation,Miscellaneous Diagnostic And Therapeutic Procedures,Nonoperative Intubation And Irrigation
867,97.0,Nonoperative Replacement Of Gastrointestinal Appliance,Miscellaneous Diagnostic And Therapeutic Procedures,Replacement And Removal Of Therapeutic Appliances
868,97.1,Nonoperative Replacement Of Musculoskeletal And Integumentary System Appliance,Miscellaneous Diagnostic And Therapeutic Procedures,Replacement And Removal Of Therapeutic Appliances
869,97.2,Other Nonoperative Replacement,Miscellaneous Diagnostic And Therapeutic Procedures,Replacement And Removal Of Therapeutic Appliances
870,97.3,Nonoperative Removal Of Therapeutic Device From Head And Neck,Miscellaneous Diagnostic And Therapeutic Procedures,Replacement And Removal Of Therapeutic Appliances
871,97.4,Nonoperative Removal Of Therapeutic Device From Thorax,Miscellaneous Diagnostic And Therapeutic Procedures,Replacement And Removal Of Therapeutic Appliances
872,97.5,Nonoperative Removal Of Therapeutic Device From Digestive System,Miscellaneous Diagnostic And Therapeutic Procedures,Replacement And Removal Of Therapeutic Appliances
873,97.6,Nonoperative Removal Of Therapeutic Device From Urinary System,Miscellaneous Diagnostic And Therapeutic Procedures,Replacement And Removal Of Therapeutic Appliances
874,97.7,Nonoperative Removal Of Therapeutic Device From Genital System,Miscellaneous Diagnostic And Therapeutic Procedures,Replacement And Removal Of Therapeutic Appliances
875,97.8,Other Nonoperative Removal Of Therapeutic Device,Miscellaneous Diagnostic And Therapeutic Procedures,Replacement And Removal Of Therapeutic Appliances
876,98.0,Removal Of Intraluminal Foreign Body From Digestive System Without Incision,Miscellaneous Diagnostic And Therapeutic Procedures,Nonoperative Removal Of Foreign Body Or Calculus
877,98.1,Removal Of Intraluminal Foreign Body From Other Sites Without Incision,Miscellaneous Diagnostic And Therapeutic Procedures,Nonoperative Removal Of Foreign Body Or Calculus
878,98.2,Removal Of Other Foreign Body Without Incision,Miscellaneous Diagnostic And Therapeutic Procedures,Nonoperative Removal Of Foreign Body Or Calculus
879,98.5,Extracorporeal Shockwave Lithotripsy [Eswl],Miscellaneous Diagnostic And Therapeutic Procedures,Nonoperative Removal Of Foreign Body Or Calculus
880,99.0,Transfusion Of Blood And Blood Components,Miscellaneous Diagnostic And Therapeutic Procedures,Other Nonoperative Procedures
881,99.1,Injection Or Infusion Of Therapeutic Or Prophylactic Substance,Miscellaneous Diagnostic And Therapeutic Procedures,Other Nonoperative Procedures
882,99.2,Injection Or Infusion Of Other Therapeutic Or Prophylactic Substance,Miscellaneous Diagnostic And Therapeutic Procedures,Other Nonoperative Procedures
883,99.3,Prophylactic Vaccination And Inoculation Against Certain Bacterial Diseases,Miscellaneous Diagnostic And Therapeutic Procedures,Other Nonoperative Procedures
884,99.4,Prophylactic Vaccination And Inoculation Against Certain Viral Diseases,Miscellaneous Diagnostic And Therapeutic Procedures,Other Nonoperative Procedures
885,99.5,Other Vaccination And Inoculation,Miscellaneous Diagnostic And Therapeutic Procedures,Other Nonoperative Procedures
886,99.6,Conversion Of Cardiac Rhythm,Miscellaneous Diagnostic And Therapeutic Procedures,Other Nonoperative Procedures
887,99.7,"Therapeutic Apheresis Or Other Injection, Administration, Or Infusion Of Other Therapeutic Or Prophylactic Substance",Miscellaneous Diagnostic And Therapeutic Procedures,Other Nonoperative Procedures
888,99.8,Miscellaneous Physical Procedures,Miscellaneous Diagnostic And Therapeutic Procedures,Other Nonoperative Procedures
889,99.9,Other Miscellaneous Procedures,Miscellaneous Diagnostic And Therapeutic Procedures,Other Nonoperative Procedures
890,001,Cholera,Infectious And Parasitic Diseases,Intestinal Infectious Diseases
891,002,Typhoid and paratyphoid fevers,Infectious And Parasitic Diseases,Intestinal Infectious Diseases
892,003,Other salmonella infections,Infectious And Parasitic Diseases,Intestinal Infectious Diseases
893,004,Shigellosis,Infectious And Parasitic Diseases,Intestinal Infectious Diseases
894,005,Other food poisoning (bacterial),Infectious And Parasitic Diseases,Intestinal Infectious Diseases
895,006,Amebiasis,Infectious And Parasitic Diseases,Intestinal Infectious Diseases
896,007,Other protozoal intestinal diseases,Infectious And Parasitic Diseases,Intestinal Infectious Diseases
897,008,Intestinal infections due to other organisms,Infectious And Parasitic Diseases,Intestinal Infectious Diseases
898,009,Ill-defined intestinal infections,Infectious And Parasitic Diseases,Intestinal Infectious Diseases
899,010,Primary tuberculous infection,Infectious And Parasitic Diseases,Tuberculosis
900,011,Pulmonary tuberculosis,Infectious And Parasitic Diseases,Tuberculosis
901,012,Other respiratory tuberculosis,Infectious And Parasitic Diseases,Tuberculosis
902,013,Tuberculosis of meninges and central nervous system,Infectious And Parasitic Diseases,Tuberculosis
903,014,Tuberculosis of intestines peritoneum and mesenteric glands,Infectious And Parasitic Diseases,Tuberculosis
904,015,Tuberculosis of bones and joints,Infectious And Parasitic Diseases,Tuberculosis
905,016,Tuberculosis of genitourinary system,Infectious And Parasitic Diseases,Tuberculosis
906,017,Tuberculosis of other organs,Infectious And Parasitic Diseases,Tuberculosis
907,018,Miliary tuberculosis,Infectious And Parasitic Diseases,Tuberculosis
908,020,Plague,Infectious And Parasitic Diseases,Zoonotic Bacterial Diseases
909,021,Tularemia,Infectious And Parasitic Diseases,Zoonotic Bacterial Diseases
910,022,Anthrax,Infectious And Parasitic Diseases,Zoonotic Bacterial Diseases
911,023,Brucellosis,Infectious And Parasitic Diseases,Zoonotic Bacterial Diseases
912,024,Glanders,Infectious And Parasitic Diseases,Zoonotic Bacterial Diseases
913,025,Melioidosis,Infectious And Parasitic Diseases,Zoonotic Bacterial Diseases
914,026,Rat-bite fever,Infectious And Parasitic Diseases,Zoonotic Bacterial Diseases
915,027,Other zoonotic bacterial diseases,Infectious And Parasitic Diseases,Zoonotic Bacterial Diseases
916,030,Leprosy,Infectious And Parasitic Diseases,Other Bacterial Diseases
917,031,Diseases due to other mycobacteria,Infectious And Parasitic Diseases,Other Bacterial Diseases
918,032,Diphtheria,Infectious And Parasitic Diseases,Other Bacterial Diseases
919,033,Whooping cough,Infectious And Parasitic Diseases,Other Bacterial Diseases
920,034,Streptococcal sore throat and scarlet fever,Infectious And Parasitic Diseases,Other Bacterial Diseases
921,035,Erysipelas,Infectious And Parasitic Diseases,Other Bacterial Diseases
922,036,Meningococcal infection,Infectious And Parasitic Diseases,Other Bacterial Diseases
923,037,Tetanus,Infectious And Parasitic Diseases,Other Bacterial Diseases
924,038,Septicemia,Infectious And Parasitic Diseases,Other Bacterial Diseases
925,039,Actinomycotic infections,Infectious And Parasitic Diseases,Other Bacterial Diseases
926,040,Other bacterial diseases,Infectious And Parasitic Diseases,Other Bacterial Diseases
927,041,Bacterial infection in conditions classified elsewhere and of unspecified site,Infectious And Parasitic Diseases,Other Bacterial Diseases
928,042,Human immunodeficiency virus [HIV] disease,Infectious And Parasitic Diseases,Human Immunodeficiency Virus
929,045,Acute poliomyelitis,Infectious And Parasitic Diseases,Poliomyelitis And Other Non-Arthropod-Borne Viral Diseases Of Central Nervous System
930,046,Slow virus infection and prion diseases of central nervous system,Infectious And Parasitic Diseases,Poliomyelitis And Other Non-Arthropod-Borne Viral Diseases Of Central Nervous System
931,047,Meningitis due to enterovirus,Infectious And Parasitic Diseases,Poliomyelitis And Other Non-Arthropod-Borne Viral Diseases Of Central Nervous System
932,048,Other enterovirus diseases of central nervous system,Infectious And Parasitic Diseases,Poliomyelitis And Other Non-Arthropod-Borne Viral Diseases Of Central Nervous System
933,049,Other non-arthropod-borne viral diseases of central nervous system,Infectious And Parasitic Diseases,Poliomyelitis And Other Non-Arthropod-Borne Viral Diseases Of Central Nervous System
934,050,Smallpox,Infectious And Parasitic Diseases,Viral Diseases Accompanied By Exanthem
935,051,Cowpox and paravaccinia,Infectious And Parasitic Diseases,Viral Diseases Accompanied By Exanthem
936,052,Chickenpox,Infectious And Parasitic Diseases,Viral Diseases Accompanied By Exanthem
937,053,Herpes zoster,Infectious And Parasitic Diseases,Viral Diseases Accompanied By Exanthem
938,054,Herpes simplex,Infectious And Parasitic Diseases,Viral Diseases Accompanied By Exanthem
939,055,Measles,Infectious And Parasitic Diseases,Viral Diseases Accompanied By Exanthem
940,056,Rubella,Infectious And Parasitic Diseases,Viral Diseases Accompanied By Exanthem
941,057,Other viral exanthemata,Infectious And Parasitic Diseases,Viral Diseases Accompanied By Exanthem
942,058,Other human herpesvirus,Infectious And Parasitic Diseases,Viral Diseases Accompanied By Exanthem
943,059,Other poxvirus infections,Infectious And Parasitic Diseases,Viral Diseases Accompanied By Exanthem
944,060,Yellow fever,Infectious And Parasitic Diseases,Arthropod-Borne Viral Diseases
945,061,Dengue,Infectious And Parasitic Diseases,Arthropod-Borne Viral Diseases
946,062,Mosquito-borne viral encephalitis,Infectious And Parasitic Diseases,Arthropod-Borne Viral Diseases
947,063,Tick-borne viral encephalitis,Infectious And Parasitic Diseases,Arthropod-Borne Viral Diseases
948,064,Viral encephalitis transmitted by other and unspecified arthropods,Infectious And Parasitic Diseases,Arthropod-Borne Viral Diseases
949,065,Arthropod-borne hemorrhagic fever,Infectious And Parasitic Diseases,Arthropod-Borne Viral Diseases
950,066,Other arthropod-borne viral diseases,Infectious And Parasitic Diseases,Arthropod-Borne Viral Diseases
951,070,Viral hepatitis,Infectious And Parasitic Diseases,Other Diseases Due To Viruses And Chlamydiae
952,071,Rabies,Infectious And Parasitic Diseases,Other Diseases Due To Viruses And Chlamydiae
953,072,Mumps,Infectious And Parasitic Diseases,Other Diseases Due To Viruses And Chlamydiae
954,073,Ornithosis,Infectious And Parasitic Diseases,Other Diseases Due To Viruses And Chlamydiae
955,074,Specific diseases due to coxsackie virus,Infectious And Parasitic Diseases,Other Diseases Due To Viruses And Chlamydiae
956,075,Infectious mononucleosis,Infectious And Parasitic Diseases,Other Diseases Due To Viruses And Chlamydiae
957,076,Trachoma,Infectious And Parasitic Diseases,Other Diseases Due To Viruses And Chlamydiae
958,077,Other diseases of conjunctiva due to viruses and chlamydiae,Infectious And Parasitic Diseases,Other Diseases Due To Viruses And Chlamydiae
959,078,Other diseases due to viruses and chlamydiae,Infectious And Parasitic Diseases,Other Diseases Due To Viruses And Chlamydiae
960,079,Viral and chlamydial infection in conditions classified elsewhere and of unspecified site,Infectious And Parasitic Diseases,Other Diseases Due To Viruses And Chlamydiae
961,080,Louse-borne (epidemic) typhus,Infectious And Parasitic Diseases,Rickettsioses And Other Arthropod-Borne Diseases
962,081,Other typhus,Infectious And Parasitic Diseases,Rickettsioses And Other Arthropod-Borne Diseases
963,082,Tick-borne rickettsioses,Infectious And Parasitic Diseases,Rickettsioses And Other Arthropod-Borne Diseases
964,083,Other rickettsioses,Infectious And Parasitic Diseases,Rickettsioses And Other Arthropod-Borne Diseases
965,084,Malaria,Infectious And Parasitic Diseases,Rickettsioses And Other Arthropod-Borne Diseases
966,085,Leishmaniasis,Infectious And Parasitic Diseases,Rickettsioses And Other Arthropod-Borne Diseases
967,086,Trypanosomiasis,Infectious And Parasitic Diseases,Rickettsioses And Other Arthropod-Borne Diseases
968,087,Relapsing fever,Infectious And Parasitic Diseases,Rickettsioses And Other Arthropod-Borne Diseases
969,088,Other arthropod-borne diseases,Infectious And Parasitic Diseases,Rickettsioses And Other Arthropod-Borne Diseases
970,090,Congenital syphilis,Infectious And Parasitic Diseases,Syphilis And Other Venereal Diseases
971,091,Early syphilis symptomatic,Infectious And Parasitic Diseases,Syphilis And Other Venereal Diseases
972,092,Early syphilis latent,Infectious And Parasitic Diseases,Syphilis And Other Venereal Diseases
973,093,Cardiovascular syphilis,Infectious And Parasitic Diseases,Syphilis And Other Venereal Diseases
974,094,Neurosyphilis,Infectious And Parasitic Diseases,Syphilis And Other Venereal Diseases
975,095,Other forms of late syphilis with symptoms,Infectious And Parasitic Diseases,Syphilis And Other Venereal Diseases
976,096,"Late syphilis, latent",Infectious And Parasitic Diseases,Syphilis And Other Venereal Diseases
977,097,Other and unspecified syphilis,Infectious And Parasitic Diseases,Syphilis And Other Venereal Diseases
978,098,Gonococcal infections,Infectious And Parasitic Diseases,Syphilis And Other Venereal Diseases
979,099,Other venereal diseases,Infectious And Parasitic Diseases,Syphilis And Other Venereal Diseases
980,100,Leptospirosis,Infectious And Parasitic Diseases,Other Spirochetal Diseases
981,101,Vincent's angina,Infectious And Parasitic Diseases,Other Spirochetal Diseases
982,102,Yaws,Infectious And Parasitic Diseases,Other Spirochetal Diseases
983,103,Pinta,Infectious And Parasitic Diseases,Other Spirochetal Diseases
984,104,Other spirochetal infection,Infectious And Parasitic Diseases,Other Spirochetal Diseases
985,110,Dermatophytosis,Infectious And Parasitic Diseases,Mycoses
986,111,Dermatomycosis other and unspecified,Infectious And Parasitic Diseases,Mycoses
987,112,Candidiasis,Infectious And Parasitic Diseases,Mycoses
988,114,Coccidioidomycosis,Infectious And Parasitic Diseases,Mycoses
989,115,Histoplasmosis,Infectious And Parasitic Diseases,Mycoses
990,116,Blastomycotic infection,Infectious And Parasitic Diseases,Mycoses
991,117,Other mycoses,Infectious And Parasitic Diseases,Mycoses
992,118,Opportunistic mycoses,Infectious And Parasitic Diseases,Mycoses
993,120,Schistosomiasis (bilharziasis),Infectious And Parasitic Diseases,Helminthiases
994,121,Other trematode infections,Infectious And Parasitic Diseases,Helminthiases
995,122,Echinococcosis,Infectious And Parasitic Diseases,Helminthiases
996,123,Other cestode infection,Infectious And Parasitic Diseases,Helminthiases
997,124,Trichinosis,Infectious And Parasitic Diseases,Helminthiases
998,125,Filarial infection and dracontiasis,Infectious And Parasitic Diseases,Helminthiases
999,126,Ancylostomiasis and necatoriasis,Infectious And Parasitic Diseases,Helminthiases
1000,127,Other intestinal helminthiases,Infectious And Parasitic Diseases,Helminthiases
1001,128,Other and unspecified helminthiases,Infectious And Parasitic Diseases,Helminthiases
1002,129,"Intestinal parasitism, unspecified",Infectious And Parasitic Diseases,Helminthiases
1003,130,Toxoplasmosis,Infectious And Parasitic Diseases,Other Infectious And Parasitic Diseases
1004,131,Trichomoniasis,Infectious And Parasitic Diseases,Other Infectious And Parasitic Diseases
1005,132,Pediculosis and phthirus infestation,Infectious And Parasitic Diseases,Other Infectious And Parasitic Diseases
1006,133,Acariasis,Infectious And Parasitic Diseases,Other Infectious And Parasitic Diseases
1007,134,Other infestation,Infectious And Parasitic Diseases,Other Infectious And Parasitic Diseases
1008,135,Sarcoidosis,Infectious And Parasitic Diseases,Other Infectious And Parasitic Diseases
1009,136,Other and unspecified infectious and parasitic diseases,Infectious And Parasitic Diseases,Other Infectious And Parasitic Diseases
1010,137,Late effects of tuberculosis,Infectious And Parasitic Diseases,Late Effects Of Infectious And Parasitic Diseases
1011,138,Late effects of acute poliomyelitis,Infectious And Parasitic Diseases,Late Effects Of Infectious And Parasitic Diseases
1012,139,Late effects of other infectious and parasitic diseases,Infectious And Parasitic Diseases,Late Effects Of Infectious And Parasitic Diseases
1013,140,Malignant neoplasm of lip,Neoplasms,"Malignant Neoplasm Of Lip, Oral Cavity, And Pharynx"
1014,141,Malignant neoplasm of tongue,Neoplasms,"Malignant Neoplasm Of Lip, Oral Cavity, And Pharynx"
1015,142,Malignant neoplasm of major salivary glands,Neoplasms,"Malignant Neoplasm Of Lip, Oral Cavity, And Pharynx"
1016,143,Malignant neoplasm of gum,Neoplasms,"Malignant Neoplasm Of Lip, Oral Cavity, And Pharynx"
1017,144,Malignant neoplasm of floor of mouth,Neoplasms,"Malignant Neoplasm Of Lip, Oral Cavity, And Pharynx"
1018,145,Malignant neoplasm of other and unspecified parts of mouth,Neoplasms,"Malignant Neoplasm Of Lip, Oral Cavity, And Pharynx"
1019,146,Malignant neoplasm of oropharynx,Neoplasms,"Malignant Neoplasm Of Lip, Oral Cavity, And Pharynx"
1020,147,Malignant neoplasm of nasopharynx,Neoplasms,"Malignant Neoplasm Of Lip, Oral Cavity, And Pharynx"
1021,148,Malignant neoplasm of hypopharynx,Neoplasms,"Malignant Neoplasm Of Lip, Oral Cavity, And Pharynx"
1022,149,Malignant neoplasm of other and ill-defined sites within the lip oral cavity and pharynx,Neoplasms,"Malignant Neoplasm Of Lip, Oral Cavity, And Pharynx"
1023,150,Malignant neoplasm of esophagus,Neoplasms,Malignant Neoplasm Of Digestive Organs And Peritoneum
1024,151,Malignant neoplasm of stomach,Neoplasms,Malignant Neoplasm Of Digestive Organs And Peritoneum
1025,152,Malignant neoplasm of small intestine including duodenum,Neoplasms,Malignant Neoplasm Of Digestive Organs And Peritoneum
1026,153,Malignant neoplasm of colon,Neoplasms,Malignant Neoplasm Of Digestive Organs And Peritoneum
1027,154,Malignant neoplasm of rectum rectosigmoid junction and anus,Neoplasms,Malignant Neoplasm Of Digestive Organs And Peritoneum
1028,155,Malignant neoplasm of liver and intrahepatic bile ducts,Neoplasms,Malignant Neoplasm Of Digestive Organs And Peritoneum
1029,156,Malignant neoplasm of gallbladder and extrahepatic bile ducts,Neoplasms,Malignant Neoplasm Of Digestive Organs And Peritoneum
1030,157,Malignant neoplasm of pancreas,Neoplasms,Malignant Neoplasm Of Digestive Organs And Peritoneum
1031,158,Malignant neoplasm of retroperitoneum and peritoneum,Neoplasms,Malignant Neoplasm Of Digestive Organs And Peritoneum
1032,159,Malignant neoplasm of other and ill-defined sites within the digestive organs and peritoneum,Neoplasms,Malignant Neoplasm Of Digestive Organs And Peritoneum
1033,160,Malignant neoplasm of nasal cavities middle ear and accessory sinuses,Neoplasms,Malignant Neoplasm Of Respiratory And Intrathoracic Organs
1034,161,Malignant neoplasm of larynx,Neoplasms,Malignant Neoplasm Of Respiratory And Intrathoracic Organs
1035,162,Malignant neoplasm of trachea bronchus and lung,Neoplasms,Malignant Neoplasm Of Respiratory And Intrathoracic Organs
1036,163,Malignant neoplasm of pleura,Neoplasms,Malignant Neoplasm Of Respiratory And Intrathoracic Organs
1037,164,Malignant neoplasm of thymus heart and mediastinum,Neoplasms,Malignant Neoplasm Of Respiratory And Intrathoracic Organs
1038,165,Malignant neoplasm of other and ill-defined sites within the respiratory system and intrathoracic organs,Neoplasms,Malignant Neoplasm Of Respiratory And Intrathoracic Organs
1039,170,Malignant neoplasm of bone and articular cartilage,Neoplasms,"Malignant Neoplasm Of Bone, Connective Tissue, Skin, And Breast"
1040,171,Malignant neoplasm of connective and other soft tissue,Neoplasms,"Malignant Neoplasm Of Bone, Connective Tissue, Skin, And Breast"
1041,172,Malignant melanoma of skin,Neoplasms,"Malignant Neoplasm Of Bone, Connective Tissue, Skin, And Breast"
1042,173,Oth and unspec malignant neoplasm of skin,Neoplasms,"Malignant Neoplasm Of Bone, Connective Tissue, Skin, And Breast"
1043,174,Malignant neoplasm of female breast,Neoplasms,"Malignant Neoplasm Of Bone, Connective Tissue, Skin, And Breast"
1044,175,Malignant neoplasm of male breast,Neoplasms,"Malignant Neoplasm Of Bone, Connective Tissue, Skin, And Breast"
1045,176,Kaposi's sarcoma,Neoplasms,"Malignant Neoplasm Of Bone, Connective Tissue, Skin, And Breast"
1046,179,"Malignant neoplasm of uterus, part unspecified",Neoplasms,Malignant Neoplasm Of Genitourinary Organs
1047,180,Malignant neoplasm of cervix uteri,Neoplasms,Malignant Neoplasm Of Genitourinary Organs
1048,181,Malignant neoplasm of placenta,Neoplasms,Malignant Neoplasm Of Genitourinary Organs
1049,182,Malignant neoplasm of body of uterus,Neoplasms,Malignant Neoplasm Of Genitourinary Organs
1050,183,Malignant neoplasm of ovary and other uterine adnexa,Neoplasms,Malignant Neoplasm Of Genitourinary Organs
1051,184,Malignant neoplasm of other and unspecified female genital organs,Neoplasms,Malignant Neoplasm Of Genitourinary Organs
1052,185,Malignant neoplasm of prostate,Neoplasms,Malignant Neoplasm Of Genitourinary Organs
1053,186,Malignant neoplasm of testis,Neoplasms,Malignant Neoplasm Of Genitourinary Organs
1054,187,Malignant neoplasm of penis and other male genital organs,Neoplasms,Malignant Neoplasm Of Genitourinary Organs
1055,188,Malignant neoplasm of bladder,Neoplasms,Malignant Neoplasm Of Genitourinary Organs
1056,189,Malignant neoplasm of kidney and other and unspecified urinary organs,Neoplasms,Malignant Neoplasm Of Genitourinary Organs
1057,190,Malignant neoplasm of eye,Neoplasms,Malignant Neoplasm Of Other And Unspecified Sites
1058,191,Malignant neoplasm of brain,Neoplasms,Malignant Neoplasm Of Other And Unspecified Sites
1059,192,Malignant neoplasm of other and unspecified parts of nervous system,Neoplasms,Malignant Neoplasm Of Other And Unspecified Sites
1060,193,Malignant neoplasm of thyroid gland,Neoplasms,Malignant Neoplasm Of Other And Unspecified Sites
1061,194,Malignant neoplasm of other endocrine glands and related structures,Neoplasms,Malignant Neoplasm Of Other And Unspecified Sites
1062,195,Malignant neoplasm of other and ill-defined sites,Neoplasms,Malignant Neoplasm Of Other And Unspecified Sites
1063,196,Secondary and unspecified malignant neoplasm of lymph nodes,Neoplasms,Malignant Neoplasm Of Other And Unspecified Sites
1064,197,Secondary malignant neoplasm of respiratory and digestive systems,Neoplasms,Malignant Neoplasm Of Other And Unspecified Sites
1065,198,Secondary malignant neoplasm of other specified sites,Neoplasms,Malignant Neoplasm Of Other And Unspecified Sites
1066,199,Malignant neoplasm without specification of site,Neoplasms,Malignant Neoplasm Of Other And Unspecified Sites
1067,200,Lymphosarcoma and reticulosarcoma and other specified malignant tumors of lymphatic tissue,Neoplasms,Malignant Neoplasm Of Lymphatic And Hematopoietic Tissue
1068,201,Hodgkin's disease,Neoplasms,Malignant Neoplasm Of Lymphatic And Hematopoietic Tissue
1069,202,Other malignant neoplasms of lymphoid and histiocytic tissue,Neoplasms,Malignant Neoplasm Of Lymphatic And Hematopoietic Tissue
1070,203,Multiple myeloma and immunoproliferative neoplasms,Neoplasms,Malignant Neoplasm Of Lymphatic And Hematopoietic Tissue
1071,204,Lymphoid leukemia,Neoplasms,Malignant Neoplasm Of Lymphatic And Hematopoietic Tissue
1072,205,Myeloid leukemia,Neoplasms,Malignant Neoplasm Of Lymphatic And Hematopoietic Tissue
1073,206,Monocytic leukemia,Neoplasms,Malignant Neoplasm Of Lymphatic And Hematopoietic Tissue
1074,207,Other specified leukemia,Neoplasms,Malignant Neoplasm Of Lymphatic And Hematopoietic Tissue
1075,208,Leukemia of unspecified cell type,Neoplasms,Malignant Neoplasm Of Lymphatic And Hematopoietic Tissue
1076,209,Neuroendocrine tumors,Neoplasms,Malignant Neoplasm Of Lymphatic And Hematopoietic Tissue
1077,210,Benign neoplasm of lip oral cavity and pharynx,Neoplasms,Benign Neoplasms
1078,211,Benign neoplasm of other parts of digestive system,Neoplasms,Benign Neoplasms
1079,212,Benign neoplasm of respiratory and intrathoracic organs,Neoplasms,Benign Neoplasms
1080,213,Benign neoplasm of bone and articular cartilage,Neoplasms,Benign Neoplasms
1081,214,Lipoma,Neoplasms,Benign Neoplasms
1082,215,Other benign neoplasm of connective and other soft tissue,Neoplasms,Benign Neoplasms
1083,216,Benign neoplasm of skin,Neoplasms,Benign Neoplasms
1084,217,Benign neoplasm of breast,Neoplasms,Benign Neoplasms
1085,218,Uterine leiomyoma,Neoplasms,Benign Neoplasms
1086,219,Other benign neoplasm of uterus,Neoplasms,Benign Neoplasms
1087,220,Benign neoplasm of ovary,Neoplasms,Benign Neoplasms
1088,221,Benign neoplasm of other female genital organs,Neoplasms,Benign Neoplasms
1089,222,Benign neoplasm of male genital organs,Neoplasms,Benign Neoplasms
1090,223,Benign neoplasm of kidney and other urinary organs,Neoplasms,Benign Neoplasms
1091,224,Benign neoplasm of eye,Neoplasms,Benign Neoplasms
1092,225,Benign neoplasm of brain and other parts of nervous system,Neoplasms,Benign Neoplasms
1093,226,Benign neoplasm of thyroid glands,Neoplasms,Benign Neoplasms
1094,227,Benign neoplasm of other endocrine glands and related structures,Neoplasms,Benign Neoplasms
1095,228,Hemangioma and lymphangioma any site,Neoplasms,Benign Neoplasms
1096,229,Benign neoplasm of other and unspecified sites,Neoplasms,Benign Neoplasms
1097,230,Carcinoma in situ of digestive organs,Neoplasms,Carcinoma In Situ
1098,231,Carcinoma in situ of respiratory system,Neoplasms,Carcinoma In Situ
1099,232,Carcinoma in situ of skin,Neoplasms,Carcinoma In Situ
1100,233,Carcinoma in situ of breast and genitourinary system,Neoplasms,Carcinoma In Situ
1101,234,Carcinoma in situ of other and unspecified sites,Neoplasms,Carcinoma In Situ
1102,235,Neoplasm of uncertain behavior of digestive and respiratory systems,Neoplasms,Neoplasms Of Uncertain Behavior
1103,236,Neoplasm of uncertain behavior of genitourinary organs,Neoplasms,Neoplasms Of Uncertain Behavior
1104,237,Neoplasm of uncertain behavior of endocrine glands and nervous system,Neoplasms,Neoplasms Of Uncertain Behavior
1105,238,Neoplasm of uncertain behavior of other and unspecified sites and tissues,Neoplasms,Neoplasms Of Uncertain Behavior
1106,239,Neoplasms of unspecified nature,Neoplasms,Neoplasms Of Unspecified Nature
1107,240,Simple and unspecified goiter,"Endocrine, Nutritional And Metabolic Diseases, And Immunity Disorders",Disorders Of Thyroid Gland
1108,241,Nontoxic nodular goiter,"Endocrine, Nutritional And Metabolic Diseases, And Immunity Disorders",Disorders Of Thyroid Gland
1109,242,Thyrotoxicosis with or without goiter,"Endocrine, Nutritional And Metabolic Diseases, And Immunity Disorders",Disorders Of Thyroid Gland
1110,243,Congenital hypothyroidism,"Endocrine, Nutritional And Metabolic Diseases, And Immunity Disorders",Disorders Of Thyroid Gland
1111,244,Acquired hypothyroidism,"Endocrine, Nutritional And Metabolic Diseases, And Immunity Disorders",Disorders Of Thyroid Gland
1112,245,Thyroiditis,"Endocrine, Nutritional And Metabolic Diseases, And Immunity Disorders",Disorders Of Thyroid Gland
1113,246,Other disorders of thyroid,"Endocrine, Nutritional And Metabolic Diseases, And Immunity Disorders",Disorders Of Thyroid Gland
1114,249,Secondary diabetes mellitus,"Endocrine, Nutritional And Metabolic Diseases, And Immunity Disorders",Diseases Of Other Endocrine Glands
1115,250,Diabetes mellitus,"Endocrine, Nutritional And Metabolic Diseases, And Immunity Disorders",Diseases Of Other Endocrine Glands
1116,251,Other disorders of pancreatic internal secretion,"Endocrine, Nutritional And Metabolic Diseases, And Immunity Disorders",Diseases Of Other Endocrine Glands
1117,252,Disorders of parathyroid gland,"Endocrine, Nutritional And Metabolic Diseases, And Immunity Disorders",Diseases Of Other Endocrine Glands
1118,253,Disorders of the pituitary gland and its hypothalamic control,"Endocrine, Nutritional And Metabolic Diseases, And Immunity Disorders",Diseases Of Other Endocrine Glands
1119,254,Diseases of thymus gland,"Endocrine, Nutritional And Metabolic Diseases, And Immunity Disorders",Diseases Of Other Endocrine Glands
1120,255,Disorders of adrenal glands,"Endocrine, Nutritional And Metabolic Diseases, And Immunity Disorders",Diseases Of Other Endocrine Glands
1121,256,Ovarian dysfunction,"Endocrine, Nutritional And Metabolic Diseases, And Immunity Disorders",Diseases Of Other Endocrine Glands
1122,257,Testicular dysfunction,"Endocrine, Nutritional And Metabolic Diseases, And Immunity Disorders",Diseases Of Other Endocrine Glands
1123,258,Polyglandular dysfunction and related disorders,"Endocrine, Nutritional And Metabolic Diseases, And Immunity Disorders",Diseases Of Other Endocrine Glands
1124,259,Other endocrine disorders,"Endocrine, Nutritional And Metabolic Diseases, And Immunity Disorders",Diseases Of Other Endocrine Glands
1125,260,Kwashiorkor,"Endocrine, Nutritional And Metabolic Diseases, And Immunity Disorders",Nutritional Deficiencies
1126,261,Nutritional marasmus,"Endocrine, Nutritional And Metabolic Diseases, And Immunity Disorders",Nutritional Deficiencies
1127,262,Other severe protein-calorie malnutrition,"Endocrine, Nutritional And Metabolic Diseases, And Immunity Disorders",Nutritional Deficiencies
1128,263,Other and unspecified protein-calorie malnutrition,"Endocrine, Nutritional And Metabolic Diseases, And Immunity Disorders",Nutritional Deficiencies
1129,264,Vitamin a deficiency,"Endocrine, Nutritional And Metabolic Diseases, And Immunity Disorders",Nutritional Deficiencies
1130,265,Thiamine and niacin deficiency states,"Endocrine, Nutritional And Metabolic Diseases, And Immunity Disorders",Nutritional Deficiencies
1131,266,Deficiency of b-complex components,"Endocrine, Nutritional And Metabolic Diseases, And Immunity Disorders",Nutritional Deficiencies
1132,267,Ascorbic acid deficiency,"Endocrine, Nutritional And Metabolic Diseases, And Immunity Disorders",Nutritional Deficiencies
1133,268,Vitamin d deficiency,"Endocrine, Nutritional And Metabolic Diseases, And Immunity Disorders",Nutritional Deficiencies
1134,269,Other nutritional deficiencies,"Endocrine, Nutritional And Metabolic Diseases, And Immunity Disorders",Nutritional Deficiencies
1135,270,Disorders of amino-acid transport and metabolism,"Endocrine, Nutritional And Metabolic Diseases, And Immunity Disorders",Other Metabolic Disorders And Immunity Disorders
1136,271,Disorders of carbohydrate transport and metabolism,"Endocrine, Nutritional And Metabolic Diseases, And Immunity Disorders",Other Metabolic Disorders And Immunity Disorders
1137,272,Disorders of lipoid metabolism,"Endocrine, Nutritional And Metabolic Diseases, And Immunity Disorders",Other Metabolic Disorders And Immunity Disorders
1138,273,Disorders of plasma protein metabolism,"Endocrine, Nutritional And Metabolic Diseases, And Immunity Disorders",Other Metabolic Disorders And Immunity Disorders
1139,274,Gout,"Endocrine, Nutritional And Metabolic Diseases, And Immunity Disorders",Other Metabolic Disorders And Immunity Disorders
1140,275,Disorders of mineral metabolism,"Endocrine, Nutritional And Metabolic Diseases, And Immunity Disorders",Other Metabolic Disorders And Immunity Disorders
1141,276,Disorders of fluid electrolyte and acid-base balance,"Endocrine, Nutritional And Metabolic Diseases, And Immunity Disorders",Other Metabolic Disorders And Immunity Disorders
1142,277,Other and unspecified disorders of metabolism,"Endocrine, Nutritional And Metabolic Diseases, And Immunity Disorders",Other Metabolic Disorders And Immunity Disorders
1143,278,"Overweight, obesity and other hyperalimentation","Endocrine, Nutritional And Metabolic Diseases, And Immunity Disorders",Other Metabolic Disorders And Immunity Disorders
1144,279,Disorders involving the immune mechanism,"Endocrine, Nutritional And Metabolic Diseases, And Immunity Disorders",Other Metabolic Disorders And Immunity Disorders
1145,280.0,Iron deficiency anemia secondary to blood loss (chronic),Diseases Of The Blood And Blood-Forming Organs,Iron deficiency anemias
1146,280.1,Iron deficiency anemia secondary to inadequate dietary iron intake,Diseases Of The Blood And Blood-Forming Organs,Iron deficiency anemias
1147,280.8,Other specified iron deficiency anemias,Diseases Of The Blood And Blood-Forming Organs,Iron deficiency anemias
1148,280.9,"Iron deficiency anemia, unspecified",Diseases Of The Blood And Blood-Forming Organs,Iron deficiency anemias
1149,281.0,Pernicious anemia,Diseases Of The Blood And Blood-Forming Organs,Other deficiency anemias
1150,281.1,Other vitamin B12 deficiency anemia,Diseases Of The Blood And Blood-Forming Organs,Other deficiency anemias
1151,281.2,Folate-deficiency anemia,Diseases Of The Blood And Blood-Forming Organs,Other deficiency anemias
1152,281.3,Other specified megaloblastic anemias not elsewhere classified,Diseases Of The Blood And Blood-Forming Organs,Other deficiency anemias
1153,281.4,Protein-deficiency anemia,Diseases Of The Blood And Blood-Forming Organs,Other deficiency anemias
1154,281.8,Anemia associated with other specified nutritional deficiency,Diseases Of The Blood And Blood-Forming Organs,Other deficiency anemias
1155,281.9,Unspecified deficiency anemia,Diseases Of The Blood And Blood-Forming Organs,Other deficiency anemias
1156,282.0,Hereditary spherocytosis,Diseases Of The Blood And Blood-Forming Organs,Hereditary hemolytic anemias
1157,282.1,Hereditary elliptocytosis,Diseases Of The Blood And Blood-Forming Organs,Hereditary hemolytic anemias
1158,282.2,Anemias due to disorders of glutathione metabolism,Diseases Of The Blood And Blood-Forming Organs,Hereditary hemolytic anemias
1159,282.3,Other hemolytic anemias due to enzyme deficiency,Diseases Of The Blood And Blood-Forming Organs,Hereditary hemolytic anemias
1160,282.4,Thalassemias,Diseases Of The Blood And Blood-Forming Organs,Hereditary hemolytic anemias
1161,282.5,Sickle-cell trait,Diseases Of The Blood And Blood-Forming Organs,Hereditary hemolytic anemias
1162,282.6,Sickle-cell disease,Diseases Of The Blood And Blood-Forming Organs,Hereditary hemolytic anemias
1163,282.7,Other hemoglobinopathies,Diseases Of The Blood And Blood-Forming Organs,Hereditary hemolytic anemias
1164,282.8,Other specified hereditary hemolytic anemias,Diseases Of The Blood And Blood-Forming Organs,Hereditary hemolytic anemias
1165,282.9,"Hereditary hemolytic anemia, unspecified",Diseases Of The Blood And Blood-Forming Organs,Hereditary hemolytic anemias
1166,283.0,Autoimmune hemolytic anemias,Diseases Of The Blood And Blood-Forming Organs,Acquired hemolytic anemias
1167,283.1,Non-autoimmune hemolytic anemias,Diseases Of The Blood And Blood-Forming Organs,Acquired hemolytic anemias
1168,283.2,Hemoglobinuria due to hemolysis from external causes,Diseases Of The Blood And Blood-Forming Organs,Acquired hemolytic anemias
1169,283.9,"Acquired hemolytic anemia, unspecified",Diseases Of The Blood And Blood-Forming Organs,Acquired hemolytic anemias
1170,284.0,Constitutional aplastic anemia,Diseases Of The Blood And Blood-Forming Organs,Aplastic anemia and other bone marrow failure syndromes
1171,284.1,Pancytopenia,Diseases Of The Blood And Blood-Forming Organs,Aplastic anemia and other bone marrow failure syndromes
1172,284.2,Myelophthisis,Diseases Of The Blood And Blood-Forming Organs,Aplastic anemia and other bone marrow failure syndromes
1173,284.8,Other specified aplastic anemias,Diseases Of The Blood And Blood-Forming Organs,Aplastic anemia and other bone marrow failure syndromes
1174,284.9,"Aplastic anemia, unspecified",Diseases Of The Blood And Blood-Forming Organs,Aplastic anemia and other bone marrow failure syndromes
1175,285.0,Sideroblastic anemia,Diseases Of The Blood And Blood-Forming Organs,Other and unspecified anemias
1176,285.1,Acute posthemorrhagic anemia,Diseases Of The Blood And Blood-Forming Organs,Other and unspecified anemias
1177,285.2,Anemia of chronic illness,Diseases Of The Blood And Blood-Forming Organs,Other and unspecified anemias
1178,285.3,Antineoplastic chemotherapy induced anemia,Diseases Of The Blood And Blood-Forming Organs,Other and unspecified anemias
1179,285.8,Other specified anemias,Diseases Of The Blood And Blood-Forming Organs,Other and unspecified anemias
1180,285.9,"Anemia, unspecified",Diseases Of The Blood And Blood-Forming Organs,Other and unspecified anemias
1181,286.0,Congenital factor VIII disorder,Diseases Of The Blood And Blood-Forming Organs,Coagulation defects
1182,286.1,Congenital factor IX disorder,Diseases Of The Blood And Blood-Forming Organs,Coagulation defects
1183,286.2,Congenital factor XI deficiency,Diseases Of The Blood And Blood-Forming Organs,Coagulation defects
1184,286.3,Congenital deficiency of other clotting factors,Diseases Of The Blood And Blood-Forming Organs,Coagulation defects
1185,286.4,Von Willebrand's disease,Diseases Of The Blood And Blood-Forming Organs,Coagulation defects
1186,286.5,Hemorrhagic disorder due to intrinsic circulating anticoagulants,Diseases Of The Blood And Blood-Forming Organs,Coagulation defects
1187,286.6,Defibrination syndrome,Diseases Of The Blood And Blood-Forming Organs,Coagulation defects
1188,286.7,Acquired coagulation factor deficiency,Diseases Of The Blood And Blood-Forming Organs,Coagulation defects
1189,286.9,Other and unspecified coagulation defects,Diseases Of The Blood And Blood-Forming Organs,Coagulation defects
1190,287.0,Allergic purpura,Diseases Of The Blood And Blood-Forming Organs,Purpura and other hemorrhagic conditions
1191,287.1,Qualitative platelet defects,Diseases Of The Blood And Blood-Forming Organs,Purpura and other hemorrhagic conditions
1192,287.2,Other nonthrombocytopenic purpuras,Diseases Of The Blood And Blood-Forming Organs,Purpura and other hemorrhagic conditions
1193,287.3,Primary thrombocytopenia,Diseases Of The Blood And Blood-Forming Organs,Purpura and other hemorrhagic conditions
1194,287.4,Secondary thrombocytopenia,Diseases Of The Blood And Blood-Forming Organs,Purpura and other hemorrhagic conditions
1195,287.5,"Thrombocytopenia, unspecified",Diseases Of The Blood And Blood-Forming Organs,Purpura and other hemorrhagic conditions
1196,287.8,Other specified hemorrhagic conditions,Diseases Of The Blood And Blood-Forming Organs,Purpura and other hemorrhagic conditions
1197,287.9,Unspecified hemorrhagic conditions,Diseases Of The Blood And Blood-Forming Organs,Purpura and other hemorrhagic conditions
1198,288.0,Neutropenia,Diseases Of The Blood And Blood-Forming Organs,Diseases of white blood cells
1199,288.1,Functional disorders of polymorphonuclear neutrophils,Diseases Of The Blood And Blood-Forming Organs,Diseases of white blood cells
1200,288.2,Genetic anomalies of leukocytes,Diseases Of The Blood And Blood-Forming Organs,Diseases of white blood cells
1201,288.3,Eosinophilia,Diseases Of The Blood And Blood-Forming Organs,Diseases of white blood cells
1202,288.4,Hemophagocytic syndromes,Diseases Of The Blood And Blood-Forming Organs,Diseases of white blood cells
1203,288.5,Decreased white blood cell count,Diseases Of The Blood And Blood-Forming Organs,Diseases of white blood cells
1204,288.6,Elevated white blood cell count,Diseases Of The Blood And Blood-Forming Organs,Diseases of white blood cells
1205,288.8,Other specified disease of white blood cells,Diseases Of The Blood And Blood-Forming Organs,Diseases of white blood cells
1206,288.9,Unspecified disease of white blood cells,Diseases Of The Blood And Blood-Forming Organs,Diseases of white blood cells
1207,289.0,"Polycythemia, secondary",Diseases Of The Blood And Blood-Forming Organs,Other diseases of blood and blood-forming organs
1208,289.1,Chronic lymphadenitis,Diseases Of The Blood And Blood-Forming Organs,Other diseases of blood and blood-forming organs
1209,289.2,Nonspecific mesenteric lymphadenitis,Diseases Of The Blood And Blood-Forming Organs,Other diseases of blood and blood-forming organs
1210,289.3,"Lymphadenitis, unspecified, except mesenteric",Diseases Of The Blood And Blood-Forming Organs,Other diseases of blood and blood-forming organs
1211,289.4,Hypersplenism,Diseases Of The Blood And Blood-Forming Organs,Other diseases of blood and blood-forming organs
1212,289.5,Other diseases of spleen,Diseases Of The Blood And Blood-Forming Organs,Other diseases of blood and blood-forming organs
1213,289.6,Familial polycythemia,Diseases Of The Blood And Blood-Forming Organs,Other diseases of blood and blood-forming organs
1214,289.7,Methemoglobinemia,Diseases Of The Blood And Blood-Forming Organs,Other diseases of blood and blood-forming organs
1215,289.8,Other specified diseases of blood and blood-forming organs,Diseases Of The Blood And Blood-Forming Organs,Other diseases of blood and blood-forming organs
1216,289.9,Unspecified diseases of blood and blood-forming organs,Diseases Of The Blood And Blood-Forming Organs,Other diseases of blood and blood-forming organs
1217,290,Dementias,Mental Disorders,Organic Psychotic Conditions
1218,291,Alcohol-induced mental disorders,Mental Disorders,Organic Psychotic Conditions
1219,292,Drug-induced mental disorders,Mental Disorders,Organic Psychotic Conditions
1220,293,Transient mental disorders due to conditions classified elsewhere,Mental Disorders,Organic Psychotic Conditions
1221,294,Persistent mental disorders due to conditions classified elsewhere,Mental Disorders,Organic Psychotic Conditions
1222,295,Schizophrenic disorders,Mental Disorders,Other Psychoses
1223,296,Episodic mood disorders,Mental Disorders,Other Psychoses
1224,297,Delusional disorders,Mental Disorders,Other Psychoses
1225,298,Other nonorganic psychoses,Mental Disorders,Other Psychoses
1226,299,Pervasive developmental disorders,Mental Disorders,Other Psychoses
1227,300,"Anxiety, dissociative and somatoform disorders",Mental Disorders,"Neurotic Disorders, Personality Disorders, And Other Nonpsychotic Mental Disorders"
1228,301,Personality disorders,Mental Disorders,"Neurotic Disorders, Personality Disorders, And Other Nonpsychotic Mental Disorders"
1229,302,Sexual and gender identity disorders,Mental Disorders,"Neurotic Disorders, Personality Disorders, And Other Nonpsychotic Mental Disorders"
1230,303,Alcohol dependence syndrome,Mental Disorders,"Neurotic Disorders, Personality Disorders, And Other Nonpsychotic Mental Disorders"
1231,304,Drug dependence,Mental Disorders,"Neurotic Disorders, Personality Disorders, And Other Nonpsychotic Mental Disorders"
1232,305,Nondependent abuse of drugs,Mental Disorders,"Neurotic Disorders, Personality Disorders, And Other Nonpsychotic Mental Disorders"
1233,306,Physiological malfunction arising from mental factors,Mental Disorders,"Neurotic Disorders, Personality Disorders, And Other Nonpsychotic Mental Disorders"
1234,307,Special symptoms or syndromes not elsewhere classified,Mental Disorders,"Neurotic Disorders, Personality Disorders, And Other Nonpsychotic Mental Disorders"
1235,308,Acute reaction to stress,Mental Disorders,"Neurotic Disorders, Personality Disorders, And Other Nonpsychotic Mental Disorders"
1236,309,Adjustment reaction,Mental Disorders,"Neurotic Disorders, Personality Disorders, And Other Nonpsychotic Mental Disorders"
1237,310,Specific nonpsychotic mental disorders due to brain damage,Mental Disorders,"Neurotic Disorders, Personality Disorders, And Other Nonpsychotic Mental Disorders"
1238,311,"Depressive disorder, not elsewhere classified",Mental Disorders,"Neurotic Disorders, Personality Disorders, And Other Nonpsychotic Mental Disorders"
1239,312,Disturbance of conduct not elsewhere classified,Mental Disorders,"Neurotic Disorders, Personality Disorders, And Other Nonpsychotic Mental Disorders"
1240,313,Disturbance of emotions specific to childhood and adolescence,Mental Disorders,"Neurotic Disorders, Personality Disorders, And Other Nonpsychotic Mental Disorders"
1241,314,Hyperkinetic syndrome of childhood,Mental Disorders,"Neurotic Disorders, Personality Disorders, And Other Nonpsychotic Mental Disorders"
1242,315,Specific delays in development,Mental Disorders,"Neurotic Disorders, Personality Disorders, And Other Nonpsychotic Mental Disorders"
1243,316,Psychic factors associated with diseases classified elsewhere,Mental Disorders,"Neurotic Disorders, Personality Disorders, And Other Nonpsychotic Mental Disorders"
1244,317,Mild intellectual disabilities,Mental Disorders,Intellectual Disabilities
1245,318,Other specified intellectual disabilities,Mental Disorders,Intellectual Disabilities
1246,319,Unspecified intellectual disabilities,Mental Disorders,Intellectual Disabilities
1247,320,Bacterial meningitis,Diseases Of The Nervous System And Sense Organs,Inflammatory Diseases Of The Central Nervous System
1248,321,Meningitis due to other organisms,Diseases Of The Nervous System And Sense Organs,Inflammatory Diseases Of The Central Nervous System
1249,322,Meningitis of unspecified cause,Diseases Of The Nervous System And Sense Organs,Inflammatory Diseases Of The Central Nervous System
1250,323,Encephalitis myelitis and encephalomyelitis,Diseases Of The Nervous System And Sense Organs,Inflammatory Diseases Of The Central Nervous System
1251,324,Intracranial and intraspinal abscess,Diseases Of The Nervous System And Sense Organs,Inflammatory Diseases Of The Central Nervous System
1252,325,Phlebitis and thrombophlebitis of intracranial venous sinuses,Diseases Of The Nervous System And Sense Organs,Inflammatory Diseases Of The Central Nervous System
1253,326,Late effects of intracranial abscess or pyogenic infection,Diseases Of The Nervous System And Sense Organs,Inflammatory Diseases Of The Central Nervous System
1254,327,Organic sleep disorders,Diseases Of The Nervous System And Sense Organs,Inflammatory Diseases Of The Central Nervous System
1255,330,Cerebral degenerations usually manifest in childhood,Diseases Of The Nervous System And Sense Organs,Hereditary And Degenerative Diseases Of The Central Nervous System
1256,331,Other cerebral degenerations,Diseases Of The Nervous System And Sense Organs,Hereditary And Degenerative Diseases Of The Central Nervous System
1257,332,Parkinson's disease,Diseases Of The Nervous System And Sense Organs,Hereditary And Degenerative Diseases Of The Central Nervous System
1258,333,Other extrapyramidal disease and abnormal movement disorders,Diseases Of The Nervous System And Sense Organs,Hereditary And Degenerative Diseases Of The Central Nervous System
1259,334,Spinocerebellar disease,Diseases Of The Nervous System And Sense Organs,Hereditary And Degenerative Diseases Of The Central Nervous System
1260,335,Anterior horn cell disease,Diseases Of The Nervous System And Sense Organs,Hereditary And Degenerative Diseases Of The Central Nervous System
1261,336,Other diseases of spinal cord,Diseases Of The Nervous System And Sense Organs,Hereditary And Degenerative Diseases Of The Central Nervous System
1262,337,Disorders of the autonomic nervous system,Diseases Of The Nervous System And Sense Organs,Hereditary And Degenerative Diseases Of The Central Nervous System
1263,338,"Pain, not elsewhere classified",Diseases Of The Nervous System And Sense Organs,Pain
1264,339,Other headache syndromes,Diseases Of The Nervous System And Sense Organs,Other Headache Syndromes
1265,340,Multiple sclerosis,Diseases Of The Nervous System And Sense Organs,Other Disorders Of The Central Nervous System
1266,341,Other demyelinating diseases of central nervous system,Diseases Of The Nervous System And Sense Organs,Other Disorders Of The Central Nervous System
1267,342,Hemiplegia and hemiparesis,Diseases Of The Nervous System And Sense Organs,Other Disorders Of The Central Nervous System
1268,343,Infantile cerebral palsy,Diseases Of The Nervous System And Sense Organs,Other Disorders Of The Central Nervous System
1269,344,Other paralytic syndromes,Diseases Of The Nervous System And Sense Organs,Other Disorders Of The Central Nervous System
1270,345,Epilepsy and recurrent seizures,Diseases Of The Nervous System And Sense Organs,Other Disorders Of The Central Nervous System
1271,346,Migraine,Diseases Of The Nervous System And Sense Organs,Other Disorders Of The Central Nervous System
1272,347,Cataplexy and narcolepsy,Diseases Of The Nervous System And Sense Organs,Other Disorders Of The Central Nervous System
1273,348,Other conditions of brain,Diseases Of The Nervous System And Sense Organs,Other Disorders Of The Central Nervous System
1274,349,Other and unspecified disorders of the nervous system,Diseases Of The Nervous System And Sense Organs,Other Disorders Of The Central Nervous System
1275,350,Trigeminal nerve disorders,Diseases Of The Nervous System And Sense Organs,Disorders Of The Peripheral Nervous System
1276,351,Facial nerve disorders,Diseases Of The Nervous System And Sense Organs,Disorders Of The Peripheral Nervous System
1277,352,Disorders of other cranial nerves,Diseases Of The Nervous System And Sense Organs,Disorders Of The Peripheral Nervous System
1278,353,Nerve root and plexus disorders,Diseases Of The Nervous System And Sense Organs,Disorders Of The Peripheral Nervous System
1279,354,Mononeuritis of upper limb and mononeuritis multiplex,Diseases Of The Nervous System And Sense Organs,Disorders Of The Peripheral Nervous System
1280,355,Mononeuritis of lower limb and unspecified site,Diseases Of The Nervous System And Sense Organs,Disorders Of The Peripheral Nervous System
1281,356,Hereditary and idiopathic peripheral neuropathy,Diseases Of The Nervous System And Sense Organs,Disorders Of The Peripheral Nervous System
1282,357,Inflammatory and toxic neuropathy,Diseases Of The Nervous System And Sense Organs,Disorders Of The Peripheral Nervous System
1283,358,Myoneural disorders,Diseases Of The Nervous System And Sense Organs,Disorders Of The Peripheral Nervous System
1284,359,Muscular dystrophies and other myopathies,Diseases Of The Nervous System And Sense Organs,Disorders Of The Peripheral Nervous System
1285,360,Disorders of the globe,Diseases Of The Nervous System And Sense Organs,Disorders Of The Eye And Adnexa
1286,361,Retinal detachments and defects,Diseases Of The Nervous System And Sense Organs,Disorders Of The Eye And Adnexa
1287,362,Other retinal disorders,Diseases Of The Nervous System And Sense Organs,Disorders Of The Eye And Adnexa
1288,363,Chorioretinal inflammations scars and other disorders of choroid,Diseases Of The Nervous System And Sense Organs,Disorders Of The Eye And Adnexa
1289,364,Disorders of iris and ciliary body,Diseases Of The Nervous System And Sense Organs,Disorders Of The Eye And Adnexa
1290,365,Glaucoma,Diseases Of The Nervous System And Sense Organs,Disorders Of The Eye And Adnexa
1291,366,Cataract,Diseases Of The Nervous System And Sense Organs,Disorders Of The Eye And Adnexa
1292,367,Disorders of refraction and accommodation,Diseases Of The Nervous System And Sense Organs,Disorders Of The Eye And Adnexa
1293,368,Visual disturbances,Diseases Of The Nervous System And Sense Organs,Disorders Of The Eye And Adnexa
1294,369,Blindness and low vision,Diseases Of The Nervous System And Sense Organs,Disorders Of The Eye And Adnexa
1295,370,Keratitis,Diseases Of The Nervous System And Sense Organs,Disorders Of The Eye And Adnexa
1296,371,Corneal opacity and other disorders of cornea,Diseases Of The Nervous System And Sense Organs,Disorders Of The Eye And Adnexa
1297,372,Disorders of conjunctiva,Diseases Of The Nervous System And Sense Organs,Disorders Of The Eye And Adnexa
1298,373,Inflammation of eyelids,Diseases Of The Nervous System And Sense Organs,Disorders Of The Eye And Adnexa
1299,374,Other disorders of eyelids,Diseases Of The Nervous System And Sense Organs,Disorders Of The Eye And Adnexa
1300,375,Disorders of lacrimal system,Diseases Of The Nervous System And Sense Organs,Disorders Of The Eye And Adnexa
1301,376,Disorders of the orbit,Diseases Of The Nervous System And Sense Organs,Disorders Of The Eye And Adnexa
1302,377,Disorders of optic nerve and visual pathways,Diseases Of The Nervous System And Sense Organs,Disorders Of The Eye And Adnexa
1303,378,Strabismus and other disorders of binocular eye movements,Diseases Of The Nervous System And Sense Organs,Disorders Of The Eye And Adnexa
1304,379,Other disorders of eye,Diseases Of The Nervous System And Sense Organs,Disorders Of The Eye And Adnexa
1305,380,Disorders of external ear,Diseases Of The Nervous System And Sense Organs,Diseases Of The Ear And Mastoid Process
1306,381,Nonsuppurative otitis media and eustachian tube disorders,Diseases Of The Nervous System And Sense Organs,Diseases Of The Ear And Mastoid Process
1307,382,Suppurative and unspecified otitis media,Diseases Of The Nervous System And Sense Organs,Diseases Of The Ear And Mastoid Process
1308,383,Mastoiditis and related conditions,Diseases Of The Nervous System And Sense Organs,Diseases Of The Ear And Mastoid Process
1309,384,Other disorders of tympanic membrane,Diseases Of The Nervous System And Sense Organs,Diseases Of The Ear And Mastoid Process
1310,385,Other disorders of middle ear and mastoid,Diseases Of The Nervous System And Sense Organs,Diseases Of The Ear And Mastoid Process
1311,386,Vertiginous syndromes and other disorders of vestibular system,Diseases Of The Nervous System And Sense Organs,Diseases Of The Ear And Mastoid Process
1312,387,Otosclerosis,Diseases Of The Nervous System And Sense Organs,Diseases Of The Ear And Mastoid Process
1313,388,Other disorders of ear,Diseases Of The Nervous System And Sense Organs,Diseases Of The Ear And Mastoid Process
1314,389,Hearing loss,Diseases Of The Nervous System And Sense Organs,Diseases Of The Ear And Mastoid Process
1315,390,Rheumatic fever without mention of heart involvement,Diseases Of The Circulatory System,Acute Rheumatic Fever
1316,391,Rheumatic fever with heart involvement,Diseases Of The Circulatory System,Acute Rheumatic Fever
1317,392,Rheumatic chorea,Diseases Of The Circulatory System,Acute Rheumatic Fever
1318,393,Chronic rheumatic pericarditis,Diseases Of The Circulatory System,Chronic Rheumatic Heart Disease
1319,394,Diseases of mitral valve,Diseases Of The Circulatory System,Chronic Rheumatic Heart Disease
1320,395,Diseases of aortic valve,Diseases Of The Circulatory System,Chronic Rheumatic Heart Disease
1321,396,Diseases of mitral and aortic valves,Diseases Of The Circulatory System,Chronic Rheumatic Heart Disease
1322,397,Diseases of other endocardial structures,Diseases Of The Circulatory System,Chronic Rheumatic Heart Disease
1323,398,Other rheumatic heart disease,Diseases Of The Circulatory System,Chronic Rheumatic Heart Disease
1324,401,Essential hypertension,Diseases Of The Circulatory System,Hypertensive Disease
1325,402,Hypertensive heart disease,Diseases Of The Circulatory System,Hypertensive Disease
1326,403,Hypertensive chronic kidney disease,Diseases Of The Circulatory System,Hypertensive Disease
1327,404,Hypertensive heart and chronic kidney disease,Diseases Of The Circulatory System,Hypertensive Disease
1328,405,Secondary hypertension,Diseases Of The Circulatory System,Hypertensive Disease
1329,410,Acute myocardial infarction,Diseases Of The Circulatory System,Ischemic Heart Disease
1330,411,Other acute and subacute forms of ischemic heart disease,Diseases Of The Circulatory System,Ischemic Heart Disease
1331,412,Old myocardial infarction,Diseases Of The Circulatory System,Ischemic Heart Disease
1332,413,Angina pectoris,Diseases Of The Circulatory System,Ischemic Heart Disease
1333,414,Other forms of chronic ischemic heart disease,Diseases Of The Circulatory System,Ischemic Heart Disease
1334,415,Acute pulmonary heart disease,Diseases Of The Circulatory System,Diseases Of Pulmonary Circulation
1335,416,Chronic pulmonary heart disease,Diseases Of The Circulatory System,Diseases Of Pulmonary Circulation
1336,417,Other diseases of pulmonary circulation,Diseases Of The Circulatory System,Diseases Of Pulmonary Circulation
1337,420,Acute pericarditis,Diseases Of The Circulatory System,Other Forms Of Heart Disease
1338,421,Acute and subacute endocarditis,Diseases Of The Circulatory System,Other Forms Of Heart Disease
1339,422,Acute myocarditis,Diseases Of The Circulatory System,Other Forms Of Heart Disease
1340,423,Other diseases of pericardium,Diseases Of The Circulatory System,Other Forms Of Heart Disease
1341,424,Other diseases of endocardium,Diseases Of The Circulatory System,Other Forms Of Heart Disease
1342,425,Cardiomyopathy,Diseases Of The Circulatory System,Other Forms Of Heart Disease
1343,426,Conduction disorders,Diseases Of The Circulatory System,Other Forms Of Heart Disease
1344,427,Cardiac dysrhythmias,Diseases Of The Circulatory System,Other Forms Of Heart Disease
1345,428,Heart failure,Diseases Of The Circulatory System,Other Forms Of Heart Disease
1346,429,Ill-defined descriptions and complications of heart disease,Diseases Of The Circulatory System,Other Forms Of Heart Disease
1347,430,Subarachnoid hemorrhage,Diseases Of The Circulatory System,Cerebrovascular Disease
1348,431,Intracerebral hemorrhage,Diseases Of The Circulatory System,Cerebrovascular Disease
1349,432,Other and unspecified intracranial hemorrhage,Diseases Of The Circulatory System,Cerebrovascular Disease
1350,433,Occlusion and stenosis of precerebral arteries,Diseases Of The Circulatory System,Cerebrovascular Disease
1351,434,Occlusion of cerebral arteries,Diseases Of The Circulatory System,Cerebrovascular Disease
1352,435,Transient cerebral ischemia,Diseases Of The Circulatory System,Cerebrovascular Disease
1353,436,"Acute, but ill-defined, cerebrovascular disease",Diseases Of The Circulatory System,Cerebrovascular Disease
1354,437,Other and ill-defined cerebrovascular disease,Diseases Of The Circulatory System,Cerebrovascular Disease
1355,438,Late effects of cerebrovascular disease,Diseases Of The Circulatory System,Cerebrovascular Disease
1356,440,Atherosclerosis,Diseases Of The Circulatory System,"Diseases Of Arteries, Arterioles, And Capillaries"
1357,441,Aortic aneurysm and dissection,Diseases Of The Circulatory System,"Diseases Of Arteries, Arterioles, And Capillaries"
1358,442,Other aneurysm,Diseases Of The Circulatory System,"Diseases Of Arteries, Arterioles, And Capillaries"
1359,443,Other peripheral vascular disease,Diseases Of The Circulatory System,"Diseases Of Arteries, Arterioles, And Capillaries"
1360,444,Arterial embolism and thrombosis,Diseases Of The Circulatory System,"Diseases Of Arteries, Arterioles, And Capillaries"
1361,445,Atheroembolism,Diseases Of The Circulatory System,"Diseases Of Arteries, Arterioles, And Capillaries"
1362,446,Polyarteritis nodosa and allied conditions,Diseases Of The Circulatory System,"Diseases Of Arteries, Arterioles, And Capillaries"
1363,447,Other disorders of arteries and arterioles,Diseases Of The Circulatory System,"Diseases Of Arteries, Arterioles, And Capillaries"
1364,448,Disease of capillaries,Diseases Of The Circulatory System,"Diseases Of Arteries, Arterioles, And Capillaries"
1365,449,Septic arterial embolism,Diseases Of The Circulatory System,"Diseases Of Arteries, Arterioles, And Capillaries"
1366,451,Phlebitis and thrombophlebitis,Diseases Of The Circulatory System,"Diseases Of Veins And Lymphatics, And Other Diseases Of Circulatory System"
1367,452,Portal vein thrombosis,Diseases Of The Circulatory System,"Diseases Of Veins And Lymphatics, And Other Diseases Of Circulatory System"
1368,453,Other venous embolism and thrombosis,Diseases Of The Circulatory System,"Diseases Of Veins And Lymphatics, And Other Diseases Of Circulatory System"
1369,454,Varicose veins of lower extremities,Diseases Of The Circulatory System,"Diseases Of Veins And Lymphatics, And Other Diseases Of Circulatory System"
1370,455,Hemorrhoids,Diseases Of The Circulatory System,"Diseases Of Veins And Lymphatics, And Other Diseases Of Circulatory System"
1371,456,Varicose veins of other sites,Diseases Of The Circulatory System,"Diseases Of Veins And Lymphatics, And Other Diseases Of Circulatory System"
1372,457,Noninfectious disorders of lymphatic channels,Diseases Of The Circulatory System,"Diseases Of Veins And Lymphatics, And Other Diseases Of Circulatory System"
1373,458,Hypotension,Diseases Of The Circulatory System,"Diseases Of Veins And Lymphatics, And Other Diseases Of Circulatory System"
1374,459,Other disorders of circulatory system,Diseases Of The Circulatory System,"Diseases Of Veins And Lymphatics, And Other Diseases Of Circulatory System"
1375,460,Acute nasopharyngitis [common cold],Diseases Of The Respiratory System,Acute Respiratory Infections
1376,461,Acute sinusitis,Diseases Of The Respiratory System,Acute Respiratory Infections
1377,462,Acute pharyngitis,Diseases Of The Respiratory System,Acute Respiratory Infections
1378,463,Acute tonsillitis,Diseases Of The Respiratory System,Acute Respiratory Infections
1379,464,Acute laryngitis and tracheitis,Diseases Of The Respiratory System,Acute Respiratory Infections
1380,465,Acute upper respiratory infections of multiple or unspecified sites,Diseases Of The Respiratory System,Acute Respiratory Infections
1381,466,Acute bronchitis and bronchiolitis,Diseases Of The Respiratory System,Acute Respiratory Infections
1382,470,Deviated nasal septum,Diseases Of The Respiratory System,Other Diseases Of Upper Respiratory Tract
1383,471,Nasal polyps,Diseases Of The Respiratory System,Other Diseases Of Upper Respiratory Tract
1384,472,Chronic pharyngitis and nasopharyngitis,Diseases Of The Respiratory System,Other Diseases Of Upper Respiratory Tract
1385,473,Chronic sinusitis,Diseases Of The Respiratory System,Other Diseases Of Upper Respiratory Tract
1386,474,Chronic disease of tonsils and adenoids,Diseases Of The Respiratory System,Other Diseases Of Upper Respiratory Tract
1387,475,Peritonsillar abscess,Diseases Of The Respiratory System,Other Diseases Of Upper Respiratory Tract
1388,476,Chronic laryngitis and laryngotracheitis,Diseases Of The Respiratory System,Other Diseases Of Upper Respiratory Tract
1389,477,Allergic rhinitis,Diseases Of The Respiratory System,Other Diseases Of Upper Respiratory Tract
1390,478,Other diseases of upper respiratory tract,Diseases Of The Respiratory System,Other Diseases Of Upper Respiratory Tract
1391,480,Viral pneumonia,Diseases Of The Respiratory System,Pneumonia And Influenza
1392,481,Pneumococcal pneumonia [Streptococcus pneumoniae pneumonia],Diseases Of The Respiratory System,Pneumonia And Influenza
1393,482,Other bacterial pneumonia,Diseases Of The Respiratory System,Pneumonia And Influenza
1394,483,Pneumonia due to other specified organism,Diseases Of The Respiratory System,Pneumonia And Influenza
1395,484,Pneumonia in infectious diseases classified elsewhere,Diseases Of The Respiratory System,Pneumonia And Influenza
1396,485,"Bronchopneumonia, organism unspecified",Diseases Of The Respiratory System,Pneumonia And Influenza
1397,486,"Pneumonia, organism unspecified",Diseases Of The Respiratory System,Pneumonia And Influenza
1398,487,Influenza,Diseases Of The Respiratory System,Pneumonia And Influenza
1399,488,Influenza due to certain identified influenza viruses,Diseases Of The Respiratory System,Pneumonia And Influenza
1400,490,"Bronchitis, not specified as acute or chronic",Diseases Of The Respiratory System,Chronic Obstructive Pulmonary Disease And Allied Conditions
1401,491,Chronic bronchitis,Diseases Of The Respiratory System,Chronic Obstructive Pulmonary Disease And Allied Conditions
1402,492,Emphysema,Diseases Of The Respiratory System,Chronic Obstructive Pulmonary Disease And Allied Conditions
1403,493,Asthma,Diseases Of The Respiratory System,Chronic Obstructive Pulmonary Disease And Allied Conditions
1404,494,Bronchiectasis,Diseases Of The Respiratory System,Chronic Obstructive Pulmonary Disease And Allied Conditions
1405,495,Extrinsic allergic alveolitis,Diseases Of The Respiratory System,Chronic Obstructive Pulmonary Disease And Allied Conditions
1406,496,"Chronic airway obstruction, not elsewhere classified",Diseases Of The Respiratory System,Chronic Obstructive Pulmonary Disease And Allied Conditions
1407,500,Coal workers' pneumoconiosis,Diseases Of The Respiratory System,Pneumoconioses And Other Lung Diseases Due To External Agents
1408,501,Asbestosis,Diseases Of The Respiratory System,Pneumoconioses And Other Lung Diseases Due To External Agents
1409,502,Pneumoconiosis due to other silica or silicates,Diseases Of The Respiratory System,Pneumoconioses And Other Lung Diseases Due To External Agents
1410,503,Pneumoconiosis due to other inorganic dust,Diseases Of The Respiratory System,Pneumoconioses And Other Lung Diseases Due To External Agents
1411,504,Pneumonopathy due to inhalation of other dust,Diseases Of The Respiratory System,Pneumoconioses And Other Lung Diseases Due To External Agents
1412,505,"Pneumoconiosis, unspecified",Diseases Of The Respiratory System,Pneumoconioses And Other Lung Diseases Due To External Agents
1413,506,Respiratory conditions due to chemical fumes and vapors,Diseases Of The Respiratory System,Pneumoconioses And Other Lung Diseases Due To External Agents
1414,507,Pneumonitis due to solids and liquids,Diseases Of The Respiratory System,Pneumoconioses And Other Lung Diseases Due To External Agents
1415,508,Respiratory conditions due to other and unspecified external agents,Diseases Of The Respiratory System,Pneumoconioses And Other Lung Diseases Due To External Agents
1416,510,Empyema,Diseases Of The Respiratory System,Other Diseases Of Respiratory System
1417,511,Pleurisy,Diseases Of The Respiratory System,Other Diseases Of Respiratory System
1418,512,Pneumothorax and air leak,Diseases Of The Respiratory System,Other Diseases Of Respiratory System
1419,513,Abscess of lung and mediastinum,Diseases Of The Respiratory System,Other Diseases Of Respiratory System
1420,514,Pulmonary congestion and hypostasis,Diseases Of The Respiratory System,Other Diseases Of Respiratory System
1421,515,Postinflammatory pulmonary fibrosis,Diseases Of The Respiratory System,Other Diseases Of Respiratory System
1422,516,Other alveolar and parietoalveolar pneumonopathy,Diseases Of The Respiratory System,Other Diseases Of Respiratory System
1423,517,Lung involvement in conditions classified elsewhere,Diseases Of The Respiratory System,Other Diseases Of Respiratory System
1424,518,Other diseases of lung,Diseases Of The Respiratory System,Other Diseases Of Respiratory System
1425,519,Other diseases of respiratory system,Diseases Of The Respiratory System,Other Diseases Of Respiratory System
1426,520,Disorders of tooth development and eruption,Diseases Of The Digestive System,"Diseases Of Oral Cavity, Salivary Glands, And Jaws"
1427,521,Diseases of hard tissues of teeth,Diseases Of The Digestive System,"Diseases Of Oral Cavity, Salivary Glands, And Jaws"
1428,522,Diseases of pulp and periapical tissues,Diseases Of The Digestive System,"Diseases Of Oral Cavity, Salivary Glands, And Jaws"
1429,523,Gingival and periodontal diseases,Diseases Of The Digestive System,"Diseases Of Oral Cavity, Salivary Glands, And Jaws"
1430,524,"Dentofacial anomalies, including malocclusion",Diseases Of The Digestive System,"Diseases Of Oral Cavity, Salivary Glands, And Jaws"
1431,525,Other diseases and conditions of the teeth and supporting structures,Diseases Of The Digestive System,"Diseases Of Oral Cavity, Salivary Glands, And Jaws"
1432,526,Diseases of the jaws,Diseases Of The Digestive System,"Diseases Of Oral Cavity, Salivary Glands, And Jaws"
1433,527,Diseases of the salivary glands,Diseases Of The Digestive System,"Diseases Of Oral Cavity, Salivary Glands, And Jaws"
1434,528,Diseases of the oral soft tissues excluding lesions specific for gingiva and tongue,Diseases Of The Digestive System,"Diseases Of Oral Cavity, Salivary Glands, And Jaws"
1435,529,Diseases and other conditions of the tongue,Diseases Of The Digestive System,"Diseases Of Oral Cavity, Salivary Glands, And Jaws"
1436,530,Diseases of esophagus,Diseases Of The Digestive System,"Diseases Of Esophagus, Stomach, And Duodenum"
1437,531,Gastric ulcer,Diseases Of The Digestive System,"Diseases Of Esophagus, Stomach, And Duodenum"
1438,532,Duodenal ulcer,Diseases Of The Digestive System,"Diseases Of Esophagus, Stomach, And Duodenum"
1439,533,Peptic ulcer site unspecified,Diseases Of The Digestive System,"Diseases Of Esophagus, Stomach, And Duodenum"
1440,534,Gastrojejunal ulcer,Diseases Of The Digestive System,"Diseases Of Esophagus, Stomach, And Duodenum"
1441,535,Gastritis and duodenitis,Diseases Of The Digestive System,"Diseases Of Esophagus, Stomach, And Duodenum"
1442,536,Disorders of function of stomach,Diseases Of The Digestive System,"Diseases Of Esophagus, Stomach, And Duodenum"
1443,537,Other disorders of stomach and duodenum,Diseases Of The Digestive System,"Diseases Of Esophagus, Stomach, And Duodenum"
1444,538,Gastrointestinal mucositis (ulcerative),Diseases Of The Digestive System,"Diseases Of Esophagus, Stomach, And Duodenum"
1445,539,Complications of bariatric procedures,Diseases Of The Digestive System,"Diseases Of Esophagus, Stomach, And Duodenum"
1446,540,Acute appendicitis,Diseases Of The Digestive System,Appendicitis
1447,541,"Appendicitis, unqualified",Diseases Of The Digestive System,Appendicitis
1448,542,Other appendicitis,Diseases Of The Digestive System,Appendicitis
1449,543,Other diseases of appendix,Diseases Of The Digestive System,Appendicitis
1450,550,Inguinal hernia,Diseases Of The Digestive System,Hernia Of Abdominal Cavity
1451,551,Other hernia of abdominal cavity with gangrene,Diseases Of The Digestive System,Hernia Of Abdominal Cavity
1452,552,Other hernia of abdominal cavity with obstruction but without mention of gangrene,Diseases Of The Digestive System,Hernia Of Abdominal Cavity
1453,553,Other hernia of abdominal cavity without mention of obstruction or gangrene,Diseases Of The Digestive System,Hernia Of Abdominal Cavity
1454,555,Regional enteritis,Diseases Of The Digestive System,Noninfective Enteritis And Colitis
1455,556,Ulcerative enterocolitis,Diseases Of The Digestive System,Noninfective Enteritis And Colitis
1456,557,Vascular insufficiency of intestine,Diseases Of The Digestive System,Noninfective Enteritis And Colitis
1457,558,Other and unspecified noninfectious gastroenteritis and colitis,Diseases Of The Digestive System,Noninfective Enteritis And Colitis
1458,560,Intestinal obstruction without mention of hernia,Diseases Of The Digestive System,Other Diseases Of Intestines And Peritoneum
1459,562,Diverticula of intestine,Diseases Of The Digestive System,Other Diseases Of Intestines And Peritoneum
1460,564,Functional digestive disorders not elsewhere classified,Diseases Of The Digestive System,Other Diseases Of Intestines And Peritoneum
1461,565,Anal fissure and fistula,Diseases Of The Digestive System,Other Diseases Of Intestines And Peritoneum
1462,566,Abscess of anal and rectal regions,Diseases Of The Digestive System,Other Diseases Of Intestines And Peritoneum
1463,567,Peritonitis and retroperitoneal infections,Diseases Of The Digestive System,Other Diseases Of Intestines And Peritoneum
1464,568,Other disorders of peritoneum,Diseases Of The Digestive System,Other Diseases Of Intestines And Peritoneum
1465,569,Other disorders of intestine,Diseases Of The Digestive System,Other Diseases Of Intestines And Peritoneum
1466,570,Acute and subacute necrosis of liver,Diseases Of The Digestive System,Other Diseases Of Digestive System
1467,571,Chronic liver disease and cirrhosis,Diseases Of The Digestive System,Other Diseases Of Digestive System
1468,572,Liver abscess and sequelae of chronic liver disease,Diseases Of The Digestive System,Other Diseases Of Digestive System
1469,573,Other disorders of liver,Diseases Of The Digestive System,Other Diseases Of Digestive System
1470,574,Cholelithiasis,Diseases Of The Digestive System,Other Diseases Of Digestive System
1471,575,Other disorders of gallbladder,Diseases Of The Digestive System,Other Diseases Of Digestive System
1472,576,Other disorders of biliary tract,Diseases Of The Digestive System,Other Diseases Of Digestive System
1473,577,Diseases of pancreas,Diseases Of The Digestive System,Other Diseases Of Digestive System
1474,578,Gastrointestinal hemorrhage,Diseases Of The Digestive System,Other Diseases Of Digestive System
1475,579,Intestinal malabsorption,Diseases Of The Digestive System,Other Diseases Of Digestive System
1476,580,Acute glomerulonephritis,Diseases Of The Genitourinary System,"Nephritis, Nephrotic Syndrome, And Nephrosis"
1477,581,Nephrotic syndrome,Diseases Of The Genitourinary System,"Nephritis, Nephrotic Syndrome, And Nephrosis"
1478,582,Chronic glomerulonephritis,Diseases Of The Genitourinary System,"Nephritis, Nephrotic Syndrome, And Nephrosis"
1479,583,Nephritis and nephropathy not specified as acute or chronic,Diseases Of The Genitourinary System,"Nephritis, Nephrotic Syndrome, And Nephrosis"
1480,584,Acute kidney failure,Diseases Of The Genitourinary System,"Nephritis, Nephrotic Syndrome, And Nephrosis"
1481,585,Chronic kidney disease (ckd),Diseases Of The Genitourinary System,"Nephritis, Nephrotic Syndrome, And Nephrosis"
1482,586,"Renal failure, unspecified",Diseases Of The Genitourinary System,"Nephritis, Nephrotic Syndrome, And Nephrosis"
1483,587,"Renal sclerosis, unspecified",Diseases Of The Genitourinary System,"Nephritis, Nephrotic Syndrome, And Nephrosis"
1484,588,Disorders resulting from impaired renal function,Diseases Of The Genitourinary System,"Nephritis, Nephrotic Syndrome, And Nephrosis"
1485,589,Small kidney of unknown cause,Diseases Of The Genitourinary System,"Nephritis, Nephrotic Syndrome, And Nephrosis"
1486,590,Infections of kidney,Diseases Of The Genitourinary System,Other Diseases Of Urinary System
1487,591,Hydronephrosis,Diseases Of The Genitourinary System,Other Diseases Of Urinary System
1488,592,Calculus of kidney and ureter,Diseases Of The Genitourinary System,Other Diseases Of Urinary System
1489,593,Other disorders of kidney and ureter,Diseases Of The Genitourinary System,Other Diseases Of Urinary System
1490,594,Calculus of lower urinary tract,Diseases Of The Genitourinary System,Other Diseases Of Urinary System
1491,595,Cystitis,Diseases Of The Genitourinary System,Other Diseases Of Urinary System
1492,596,Other disorders of bladder,Diseases Of The Genitourinary System,Other Diseases Of Urinary System
1493,597,Urethritis not sexually transmitted and urethral syndrome,Diseases Of The Genitourinary System,Other Diseases Of Urinary System
1494,598,Urethral stricture,Diseases Of The Genitourinary System,Other Diseases Of Urinary System
1495,599,Other disorders of urethra and urinary tract,Diseases Of The Genitourinary System,Other Diseases Of Urinary System
1496,600,Hyperplasia of prostate,Diseases Of The Genitourinary System,Diseases Of Male Genital Organs
1497,601,Inflammatory diseases of prostate,Diseases Of The Genitourinary System,Diseases Of Male Genital Organs
1498,602,Other disorders of prostate,Diseases Of The Genitourinary System,Diseases Of Male Genital Organs
1499,603,Hydrocele,Diseases Of The Genitourinary System,Diseases Of Male Genital Organs
1500,604,Orchitis and epididymitis,Diseases Of The Genitourinary System,Diseases Of Male Genital Organs
1501,605,Redundant prepuce and phimosis,Diseases Of The Genitourinary System,Diseases Of Male Genital Organs
1502,606,Male infertility,Diseases Of The Genitourinary System,Diseases Of Male Genital Organs
1503,607,Disorders of penis,Diseases Of The Genitourinary System,Diseases Of Male Genital Organs
1504,608,Other disorders of male genital organs,Diseases Of The Genitourinary System,Diseases Of Male Genital Organs
1505,610,Benign mammary dysplasias,Diseases Of The Genitourinary System,Disorders Of Breast
1506,611,Other disorders of breast,Diseases Of The Genitourinary System,Disorders Of Breast
1507,612,Deformity and disproportion of reconstructed breast,Diseases Of The Genitourinary System,Disorders Of Breast
1508,614,Inflammatory disease of ovary fallopian tube pelvic cellular tissue and peritoneum,Diseases Of The Genitourinary System,Inflammatory Disease Of Female Pelvic Organs
1509,615,Inflammatory diseases of uterus except cervix,Diseases Of The Genitourinary System,Inflammatory Disease Of Female Pelvic Organs
1510,616,Inflammatory disease of cervix vagina and vulva,Diseases Of The Genitourinary System,Inflammatory Disease Of Female Pelvic Organs
1511,617,Endometriosis,Diseases Of The Genitourinary System,Other Disorders Of Female Genital Tract
1512,618,Genital prolapse,Diseases Of The Genitourinary System,Other Disorders Of Female Genital Tract
1513,619,Fistula involving female genital tract,Diseases Of The Genitourinary System,Other Disorders Of Female Genital Tract
1514,620,Noninflammatory disorders of ovary fallopian tube and broad ligament,Diseases Of The Genitourinary System,Other Disorders Of Female Genital Tract
1515,621,Disorders of uterus not elsewhere classified,Diseases Of The Genitourinary System,Other Disorders Of Female Genital Tract
1516,622,Noninflammatory disorders of cervix,Diseases Of The Genitourinary System,Other Disorders Of Female Genital Tract
1517,623,Noninflammatory disorders of vagina,Diseases Of The Genitourinary System,Other Disorders Of Female Genital Tract
1518,624,Noninflammatory disorders of vulva and perineum,Diseases Of The Genitourinary System,Other Disorders Of Female Genital Tract
1519,625,Pain and other symptoms associated with female genital organs,Diseases Of The Genitourinary System,Other Disorders Of Female Genital Tract
1520,626,Disorders of menstruation and other abnormal bleeding from female genital tract,Diseases Of The Genitourinary System,Other Disorders Of Female Genital Tract
1521,627,Menopausal and postmenopausal disorders,Diseases Of The Genitourinary System,Other Disorders Of Female Genital Tract
1522,628,Female infertility,Diseases Of The Genitourinary System,Other Disorders Of Female Genital Tract
1523,629,Other disorders of female genital organs,Diseases Of The Genitourinary System,Other Disorders Of Female Genital Tract
1524,630,Hydatidiform mole,"Complications Of Pregnancy, Childbirth, And The Puerperium",Ectopic And Molar Pregnancy And Other Pregnancy With Abortive Outcome
1525,631,Other abnormal product of conception,"Complications Of Pregnancy, Childbirth, And The Puerperium",Ectopic And Molar Pregnancy And Other Pregnancy With Abortive Outcome
1526,632,Missed abortion,"Complications Of Pregnancy, Childbirth, And The Puerperium",Ectopic And Molar Pregnancy And Other Pregnancy With Abortive Outcome
1527,633,Ectopic pregnancy,"Complications Of Pregnancy, Childbirth, And The Puerperium",Ectopic And Molar Pregnancy And Other Pregnancy With Abortive Outcome
1528,634,Spontaneous abortion,"Complications Of Pregnancy, Childbirth, And The Puerperium",Ectopic And Molar Pregnancy And Other Pregnancy With Abortive Outcome
1529,635,Legally induced abortion,"Complications Of Pregnancy, Childbirth, And The Puerperium",Ectopic And Molar Pregnancy And Other Pregnancy With Abortive Outcome
1530,636,Illegal abortion,"Complications Of Pregnancy, Childbirth, And The Puerperium",Ectopic And Molar Pregnancy And Other Pregnancy With Abortive Outcome
1531,637,Unspecified abortion,"Complications Of Pregnancy, Childbirth, And The Puerperium",Ectopic And Molar Pregnancy And Other Pregnancy With Abortive Outcome
1532,638,Failed attempted abortion,"Complications Of Pregnancy, Childbirth, And The Puerperium",Ectopic And Molar Pregnancy And Other Pregnancy With Abortive Outcome
1533,639,Complications following abortion and ectopic and molar pregnancies,"Complications Of Pregnancy, Childbirth, And The Puerperium",Ectopic And Molar Pregnancy And Other Pregnancy With Abortive Outcome
1534,640,Hemorrhage in early pregnancy,"Complications Of Pregnancy, Childbirth, And The Puerperium",Complications Mainly Related To Pregnancy
1535,641,Antepartum hemorrhage abruptio placentae and placenta previa,"Complications Of Pregnancy, Childbirth, And The Puerperium",Complications Mainly Related To Pregnancy
1536,642,Hypertension complicating pregnancy childbirth and the puerperium,"Complications Of Pregnancy, Childbirth, And The Puerperium",Complications Mainly Related To Pregnancy
1537,643,Excessive vomiting in pregnancy,"Complications Of Pregnancy, Childbirth, And The Puerperium",Complications Mainly Related To Pregnancy
1538,644,Early or threatened labor,"Complications Of Pregnancy, Childbirth, And The Puerperium",Complications Mainly Related To Pregnancy
1539,645,Late pregnancy,"Complications Of Pregnancy, Childbirth, And The Puerperium",Complications Mainly Related To Pregnancy
1540,646,Other complications of pregnancy not elsewhere classified,"Complications Of Pregnancy, Childbirth, And The Puerperium",Complications Mainly Related To Pregnancy
1541,647,Infectious and parasitic conditions in the mother classifiable elsewhere but complicating pregnancy childbirth or the puerperium,"Complications Of Pregnancy, Childbirth, And The Puerperium",Complications Mainly Related To Pregnancy
1542,648,Other current conditions in the mother classifiable elsewhere but complicating pregnancy childbirth or the puerperium,"Complications Of Pregnancy, Childbirth, And The Puerperium",Complications Mainly Related To Pregnancy
1543,649,"Other conditions or status of the mother complicating pregnancy, childbirth, or the puerperium","Complications Of Pregnancy, Childbirth, And The Puerperium",Complications Mainly Related To Pregnancy
1544,650,Normal delivery,"Complications Of Pregnancy, Childbirth, And The Puerperium","Normal Delivery, And Other Indications For Care In Pregnancy, Labor, And Delivery"
1545,651,Multiple gestation,"Complications Of Pregnancy, Childbirth, And The Puerperium","Normal Delivery, And Other Indications For Care In Pregnancy, Labor, And Delivery"
1546,652,Malposition and malpresentation of fetus,"Complications Of Pregnancy, Childbirth, And The Puerperium","Normal Delivery, And Other Indications For Care In Pregnancy, Labor, And Delivery"
1547,653,Disproportion in pregnancy labor and delivery,"Complications Of Pregnancy, Childbirth, And The Puerperium","Normal Delivery, And Other Indications For Care In Pregnancy, Labor, And Delivery"
1548,654,Abnormality of organs and soft tissues of pelvis,"Complications Of Pregnancy, Childbirth, And The Puerperium","Normal Delivery, And Other Indications For Care In Pregnancy, Labor, And Delivery"
1549,655,Known or suspected fetal abnormality affecting management of mother,"Complications Of Pregnancy, Childbirth, And The Puerperium","Normal Delivery, And Other Indications For Care In Pregnancy, Labor, And Delivery"
1550,656,Other known or suspected fetal and placental problems affecting management of mother,"Complications Of Pregnancy, Childbirth, And The Puerperium","Normal Delivery, And Other Indications For Care In Pregnancy, Labor, And Delivery"
1551,657,Polyhydramnios,"Complications Of Pregnancy, Childbirth, And The Puerperium","Normal Delivery, And Other Indications For Care In Pregnancy, Labor, And Delivery"
1552,658,Other problems associated with amniotic cavity and membranes,"Complications Of Pregnancy, Childbirth, And The Puerperium","Normal Delivery, And Other Indications For Care In Pregnancy, Labor, And Delivery"
1553,659,Other indications for care or intervention related to labor and delivery not elsewhere classified,"Complications Of Pregnancy, Childbirth, And The Puerperium","Normal Delivery, And Other Indications For Care In Pregnancy, Labor, And Delivery"
1554,660,Obstructed labor,"Complications Of Pregnancy, Childbirth, And The Puerperium",Complications Occurring Mainly In The Course Of Labor And Delivery
1555,661,Abnormality of forces of labor,"Complications Of Pregnancy, Childbirth, And The Puerperium",Complications Occurring Mainly In The Course Of Labor And Delivery
1556,662,Long labor,"Complications Of Pregnancy, Childbirth, And The Puerperium",Complications Occurring Mainly In The Course Of Labor And Delivery
1557,663,Umbilical cord complications during labor and delivery,"Complications Of Pregnancy, Childbirth, And The Puerperium",Complications Occurring Mainly In The Course Of Labor And Delivery
1558,664,Trauma to perineum and vulva during delivery,"Complications Of Pregnancy, Childbirth, And The Puerperium",Complications Occurring Mainly In The Course Of Labor And Delivery
1559,665,Other obstetrical trauma,"Complications Of Pregnancy, Childbirth, And The Puerperium",Complications Occurring Mainly In The Course Of Labor And Delivery
1560,666,Postpartum hemorrhage,"Complications Of Pregnancy, Childbirth, And The Puerperium",Complications Occurring Mainly In The Course Of Labor And Delivery
1561,667,Retained placenta or membranes without hemorrhage,"Complications Of Pregnancy, Childbirth, And The Puerperium",Complications Occurring Mainly In The Course Of Labor And Delivery
1562,668,Complications of the administration of anesthetic or other sedation in labor and delivery,"Complications Of Pregnancy, Childbirth, And The Puerperium",Complications Occurring Mainly In The Course Of Labor And Delivery
1563,669,Other complications of labor and delivery not elsewhere classified,"Complications Of Pregnancy, Childbirth, And The Puerperium",Complications Occurring Mainly In The Course Of Labor And Delivery
1564,670,Major puerperal infection,"Complications Of Pregnancy, Childbirth, And The Puerperium",Complications Of The Puerperium
1565,671,Venous complications in pregnancy and the puerperium,"Complications Of Pregnancy, Childbirth, And The Puerperium",Complications Of The Puerperium
1566,672,Pyrexia of unknown origin during the puerperium,"Complications Of Pregnancy, Childbirth, And The Puerperium",Complications Of The Puerperium
1567,673,Obstetrical pulmonary embolism,"Complications Of Pregnancy, Childbirth, And The Puerperium",Complications Of The Puerperium
1568,674,Other and unspecified complications of the puerperium not elsewhere classified,"Complications Of Pregnancy, Childbirth, And The Puerperium",Complications Of The Puerperium
1569,675,Infections of the breast and nipple associated with childbirth,"Complications Of Pregnancy, Childbirth, And The Puerperium",Complications Of The Puerperium
1570,676,Other disorders of the breast associated with childbirth and disorders of lactation,"Complications Of Pregnancy, Childbirth, And The Puerperium",Complications Of The Puerperium
1571,677,"Late effect of complication of pregnancy, childbirth, and the puerperium","Complications Of Pregnancy, Childbirth, And The Puerperium",Complications Of The Puerperium
1572,678,Other fetal conditions,"Complications Of Pregnancy, Childbirth, And The Puerperium",Other Maternal And Fetal Complications
1573,679,Complications of in utero procedures,"Complications Of Pregnancy, Childbirth, And The Puerperium",Other Maternal And Fetal Complications
1574,680,Carbuncle and furuncle,Diseases Of The Skin And Subcutaneous Tissue,Infections Of Skin And Subcutaneous Tissue
1575,681,Cellulitis and abscess of finger and toe,Diseases Of The Skin And Subcutaneous Tissue,Infections Of Skin And Subcutaneous Tissue
1576,682,Other cellulitis and abscess,Diseases Of The Skin And Subcutaneous Tissue,Infections Of Skin And Subcutaneous Tissue
1577,683,Acute lymphadenitis,Diseases Of The Skin And Subcutaneous Tissue,Infections Of Skin And Subcutaneous Tissue
1578,684,Impetigo,Diseases Of The Skin And Subcutaneous Tissue,Infections Of Skin And Subcutaneous Tissue
1579,685,Pilonidal cyst,Diseases Of The Skin And Subcutaneous Tissue,Infections Of Skin And Subcutaneous Tissue
1580,686,Other local infections of skin and subcutaneous tissue,Diseases Of The Skin And Subcutaneous Tissue,Infections Of Skin And Subcutaneous Tissue
1581,690,Erythematosquamous dermatosis,Diseases Of The Skin And Subcutaneous Tissue,Other Inflammatory Conditions Of Skin And Subcutaneous Tissue
1582,691,Atopic dermatitis and related conditions,Diseases Of The Skin And Subcutaneous Tissue,Other Inflammatory Conditions Of Skin And Subcutaneous Tissue
1583,692,Contact dermatitis and other eczema,Diseases Of The Skin And Subcutaneous Tissue,Other Inflammatory Conditions Of Skin And Subcutaneous Tissue
1584,693,Dermatitis due to substances taken internally,Diseases Of The Skin And Subcutaneous Tissue,Other Inflammatory Conditions Of Skin And Subcutaneous Tissue
1585,694,Bullous dermatoses,Diseases Of The Skin And Subcutaneous Tissue,Other Inflammatory Conditions Of Skin And Subcutaneous Tissue
1586,695,Erythematous conditions,Diseases Of The Skin And Subcutaneous Tissue,Other Inflammatory Conditions Of Skin And Subcutaneous Tissue
1587,696,Psoriasis and similar disorders,Diseases Of The Skin And Subcutaneous Tissue,Other Inflammatory Conditions Of Skin And Subcutaneous Tissue
1588,697,Lichen,Diseases Of The Skin And Subcutaneous Tissue,Other Inflammatory Conditions Of Skin And Subcutaneous Tissue
1589,698,Pruritus and related conditions,Diseases Of The Skin And Subcutaneous Tissue,Other Inflammatory Conditions Of Skin And Subcutaneous Tissue
1590,700,Corns and callosities,Diseases Of The Skin And Subcutaneous Tissue,Other Diseases Of Skin And Subcutaneous Tissue
1591,701,Other hypertrophic and atrophic conditions of skin,Diseases Of The Skin And Subcutaneous Tissue,Other Diseases Of Skin And Subcutaneous Tissue
1592,702,Other dermatoses,Diseases Of The Skin And Subcutaneous Tissue,Other Diseases Of Skin And Subcutaneous Tissue
1593,703,Diseases of nail,Diseases Of The Skin And Subcutaneous Tissue,Other Diseases Of Skin And Subcutaneous Tissue
1594,704,Diseases of hair and hair follicles,Diseases Of The Skin And Subcutaneous Tissue,Other Diseases Of Skin And Subcutaneous Tissue
1595,705,Disorders of sweat glands,Diseases Of The Skin And Subcutaneous Tissue,Other Diseases Of Skin And Subcutaneous Tissue
1596,706,Diseases of sebaceous glands,Diseases Of The Skin And Subcutaneous Tissue,Other Diseases Of Skin And Subcutaneous Tissue
1597,707,Chronic ulcer of skin,Diseases Of The Skin And Subcutaneous Tissue,Other Diseases Of Skin And Subcutaneous Tissue
1598,708,Urticaria,Diseases Of The Skin And Subcutaneous Tissue,Other Diseases Of Skin And Subcutaneous Tissue
1599,709,Other disorders of skin and subcutaneous tissue,Diseases Of The Skin And Subcutaneous Tissue,Other Diseases Of Skin And Subcutaneous Tissue
1600,710,Diffuse diseases of connective tissue,Diseases Of The Musculoskeletal System And Connective Tissue,Arthropathies And Related Disorders
1601,711,Arthropathy associated with infections,Diseases Of The Musculoskeletal System And Connective Tissue,Arthropathies And Related Disorders
1602,712,Crystal arthropathies,Diseases Of The Musculoskeletal System And Connective Tissue,Arthropathies And Related Disorders
1603,713,Arthropathy associated with other disorders classified elsewhere,Diseases Of The Musculoskeletal System And Connective Tissue,Arthropathies And Related Disorders
1604,714,Rheumatoid arthritis and other inflammatory polyarthropathies,Diseases Of The Musculoskeletal System And Connective Tissue,Arthropathies And Related Disorders
1605,715,Osteoarthrosis and allied disorders,Diseases Of The Musculoskeletal System And Connective Tissue,Arthropathies And Related Disorders
1606,716,Other and unspecified arthropathies,Diseases Of The Musculoskeletal System And Connective Tissue,Arthropathies And Related Disorders
1607,717,Internal derangement of knee,Diseases Of The Musculoskeletal System And Connective Tissue,Arthropathies And Related Disorders
1608,718,Other derangement of joint,Diseases Of The Musculoskeletal System And Connective Tissue,Arthropathies And Related Disorders
1609,719,Other and unspecified disorders of joint,Diseases Of The Musculoskeletal System And Connective Tissue,Arthropathies And Related Disorders
1610,720,Ankylosing spondylitis and other inflammatory spondylopathies,Diseases Of The Musculoskeletal System And Connective Tissue,Dorsopathies
1611,721,Spondylosis and allied disorders,Diseases Of The Musculoskeletal System And Connective Tissue,Dorsopathies
1612,722,Intervertebral disc disorders,Diseases Of The Musculoskeletal System And Connective Tissue,Dorsopathies
1613,723,Other disorders of cervical region,Diseases Of The Musculoskeletal System And Connective Tissue,Dorsopathies
1614,724,Other and unspecified disorders of back,Diseases Of The Musculoskeletal System And Connective Tissue,Dorsopathies
1615,725,Polymyalgia rheumatica,Diseases Of The Musculoskeletal System And Connective Tissue,"Rheumatism, Excluding The Back"
1616,726,Peripheral enthesopathies and allied syndromes,Diseases Of The Musculoskeletal System And Connective Tissue,"Rheumatism, Excluding The Back"
1617,727,Other disorders of synovium tendon and bursa,Diseases Of The Musculoskeletal System And Connective Tissue,"Rheumatism, Excluding The Back"
1618,728,Disorders of muscle ligament and fascia,Diseases Of The Musculoskeletal System And Connective Tissue,"Rheumatism, Excluding The Back"
1619,729,Other disorders of soft tissues,Diseases Of The Musculoskeletal System And Connective Tissue,"Rheumatism, Excluding The Back"
1620,730,Osteomyelitis periostitis and other infections involving bone,Diseases Of The Musculoskeletal System And Connective Tissue,"Osteopathies, Chondropathies, And Acquired Musculoskeletal Deformities"
1621,731,Osteitis deformans and osteopathies associated with other disorders classified elsewhere,Diseases Of The Musculoskeletal System And Connective Tissue,"Osteopathies, Chondropathies, And Acquired Musculoskeletal Deformities"
1622,732,Osteochondropathies,Diseases Of The Musculoskeletal System And Connective Tissue,"Osteopathies, Chondropathies, And Acquired Musculoskeletal Deformities"
1623,733,Other disorders of bone and cartilage,Diseases Of The Musculoskeletal System And Connective Tissue,"Osteopathies, Chondropathies, And Acquired Musculoskeletal Deformities"
1624,734,Flat foot,Diseases Of The Musculoskeletal System And Connective Tissue,"Osteopathies, Chondropathies, And Acquired Musculoskeletal Deformities"
1625,735,Acquired deformities of toe,Diseases Of The Musculoskeletal System And Connective Tissue,"Osteopathies, Chondropathies, And Acquired Musculoskeletal Deformities"
1626,736,Other acquired deformities of limbs,Diseases Of The Musculoskeletal System And Connective Tissue,"Osteopathies, Chondropathies, And Acquired Musculoskeletal Deformities"
1627,737,Curvature of spine,Diseases Of The Musculoskeletal System And Connective Tissue,"Osteopathies, Chondropathies, And Acquired Musculoskeletal Deformities"
1628,738,Other acquired musculoskeletal deformity,Diseases Of The Musculoskeletal System And Connective Tissue,"Osteopathies, Chondropathies, And Acquired Musculoskeletal Deformities"
1629,739,Nonallopathic lesions not elsewhere classified,Diseases Of The Musculoskeletal System And Connective Tissue,"Osteopathies, Chondropathies, And Acquired Musculoskeletal Deformities"
1630,740.0,Anencephalus,Congenital Anomalies,Anencephalus and similar anomalies
1631,740.1,Craniorachischisis,Congenital Anomalies,Anencephalus and similar anomalies
1632,740.2,Iniencephaly,Congenital Anomalies,Anencephalus and similar anomalies
1633,741.0,Spina bifida with hydrocephalus,Congenital Anomalies,Spina bifida
1634,741.9,Spina bifida without mention of hydrocephalus,Congenital Anomalies,Spina bifida
1635,742.0,Encephalocele,Congenital Anomalies,Other congenital anomalies of nervous system
1636,742.1,Microcephalus,Congenital Anomalies,Other congenital anomalies of nervous system
1637,742.2,Congenital reduction deformities of brain,Congenital Anomalies,Other congenital anomalies of nervous system
1638,742.3,Congenital hydrocephalus,Congenital Anomalies,Other congenital anomalies of nervous system
1639,742.4,Other specified congenital anomalies of brain,Congenital Anomalies,Other congenital anomalies of nervous system
1640,742.5,Other specified congenital anomalies of spinal cord,Congenital Anomalies,Other congenital anomalies of nervous system
1641,742.8,Other specified congenital anomalies of nervous system,Congenital Anomalies,Other congenital anomalies of nervous system
1642,742.9,"Unspecified congenital anomaly of brain, spinal cord, and nervous system",Congenital Anomalies,Other congenital anomalies of nervous system
1643,743.0,Anophthalmos,Congenital Anomalies,Congenital anomalies of eye
1644,743.1,Microphthalmos,Congenital Anomalies,Congenital anomalies of eye
1645,743.2,Buphthalmos,Congenital Anomalies,Congenital anomalies of eye
1646,743.3,Congenital cataract and lens anomalies,Congenital Anomalies,Congenital anomalies of eye
1647,743.4,Coloboma and other anomalies of anterior segment,Congenital Anomalies,Congenital anomalies of eye
1648,743.5,Congenital anomalies of posterior segment,Congenital Anomalies,Congenital anomalies of eye
1649,743.6,Congenital anomalies of eyelids lacrimal system and orbit,Congenital Anomalies,Congenital anomalies of eye
1650,743.8,Other specified anomalies of eye,Congenital Anomalies,Congenital anomalies of eye
1651,743.9,Unspecified anomaly of eye,Congenital Anomalies,Congenital anomalies of eye
1652,744.0,Congenital anomalies of ear causing impairment of hearing,Congenital Anomalies,Congenital anomalies of ear face and neck
1653,744.1,Accessory auricle,Congenital Anomalies,Congenital anomalies of ear face and neck
1654,744.2,Other specified congenital anomalies of ear,Congenital Anomalies,Congenital anomalies of ear face and neck
1655,744.3,Unspecified anomaly of ear,Congenital Anomalies,Congenital anomalies of ear face and neck
1656,744.4,Branchial cleft cyst or fistula; preauricular sinus,Congenital Anomalies,Congenital anomalies of ear face and neck
1657,744.5,Webbing of neck,Congenital Anomalies,Congenital anomalies of ear face and neck
1658,744.8,Other specified congenital anomalies of face and neck,Congenital Anomalies,Congenital anomalies of ear face and neck
1659,744.9,Unspecified congenital anomalies of face and neck,Congenital Anomalies,Congenital anomalies of ear face and neck
1660,745.0,Common truncus,Congenital Anomalies,Bulbus cordis anomalies and anomalies of cardiac septal closure
1661,745.1,Transposition of great vessels,Congenital Anomalies,Bulbus cordis anomalies and anomalies of cardiac septal closure
1662,745.2,Tetralogy of fallot,Congenital Anomalies,Bulbus cordis anomalies and anomalies of cardiac septal closure
1663,745.3,Common ventricle,Congenital Anomalies,Bulbus cordis anomalies and anomalies of cardiac septal closure
1664,745.4,Ventricular septal defect,Congenital Anomalies,Bulbus cordis anomalies and anomalies of cardiac septal closure
1665,745.5,Ostium secundum type atrial septal defect,Congenital Anomalies,Bulbus cordis anomalies and anomalies of cardiac septal closure
1666,745.6,Endocardial cushion defects,Congenital Anomalies,Bulbus cordis anomalies and anomalies of cardiac septal closure
1667,745.7,Cor biloculare,Congenital Anomalies,Bulbus cordis anomalies and anomalies of cardiac septal closure
1668,745.8,Other bulbus cordis anomalies and anomalies of cardiac septal closure,Congenital Anomalies,Bulbus cordis anomalies and anomalies of cardiac septal closure
1669,745.9,Unspecified defect of septal closure,Congenital Anomalies,Bulbus cordis anomalies and anomalies of cardiac septal closure
1670,746.0,Anomalies of pulmonary valve congenital,Congenital Anomalies,Other congenital anomalies of heart
1671,746.1,"Tricuspid atresia and stenosis, congenital",Congenital Anomalies,Other congenital anomalies of heart
1672,746.2,Ebstein's anomaly,Congenital Anomalies,Other congenital anomalies of heart
1673,746.3,Congenital stenosis of aortic valve,Congenital Anomalies,Other congenital anomalies of heart
1674,746.4,Congenital insufficiency of aortic valve,Congenital Anomalies,Other congenital anomalies of heart
1675,746.5,Congenital mitral stenosis,Congenital Anomalies,Other congenital anomalies of heart
1676,746.6,Congenital mitral insufficiency,Congenital Anomalies,Other congenital anomalies of heart
1677,746.7,Hypoplastic left heart syndrome,Congenital Anomalies,Other congenital anomalies of heart
1678,746.8,Other specified congenital anomalies of heart,Congenital Anomalies,Other congenital anomalies of heart
1679,746.9,Unspecified congenital anomaly of heart,Congenital Anomalies,Other congenital anomalies of heart
1680,747.0,Patent ductus arteriosus,Congenital Anomalies,Other congenital anomalies of circulatory system
1681,747.1,Coarctation of aorta,Congenital Anomalies,Other congenital anomalies of circulatory system
1682,747.2,Other congenital anomalies of aorta,Congenital Anomalies,Other congenital anomalies of circulatory system
1683,747.3,Congenital anomalies of pulmonary artery,Congenital Anomalies,Other congenital anomalies of circulatory system
1684,747.4,Congenital anomalies of great veins,Congenital Anomalies,Other congenital anomalies of circulatory system
1685,747.5,Absence or hypoplasia of umbilical artery,Congenital Anomalies,Other congenital anomalies of circulatory system
1686,747.6,Other congenital anomalies of peripheral vascular system,Congenital Anomalies,Other congenital anomalies of circulatory system
1687,747.8,Other specified congenital anomalies of circulatory system,Congenital Anomalies,Other congenital anomalies of circulatory system
1688,747.9,Unspecified anomaly of circulatory system,Congenital Anomalies,Other congenital anomalies of circulatory system
1689,748.0,Choanal atresia,Congenital Anomalies,Congenital anomalies of respiratory system
1690,748.1,Other anomalies of nose,Congenital Anomalies,Congenital anomalies of respiratory system
1691,748.2,Web of larynx,Congenital Anomalies,Congenital anomalies of respiratory system
1692,748.3,"Other anomalies of larynx, trachea, and bronchus",Congenital Anomalies,Congenital anomalies of respiratory system
1693,748.4,Congenital cystic lung,Congenital Anomalies,Congenital anomalies of respiratory system
1694,748.5,"Agenesis, hypoplasia, and dysplasia of lung",Congenital Anomalies,Congenital anomalies of respiratory system
1695,748.6,Other congenital anomalies of lung,Congenital Anomalies,Congenital anomalies of respiratory system
1696,748.8,Other specified anomalies of respiratory system,Congenital Anomalies,Congenital anomalies of respiratory system
1697,748.9,Unspecified anomaly of respiratory system,Congenital Anomalies,Congenital anomalies of respiratory system
1698,749.0,Cleft palate,Congenital Anomalies,Cleft palate and cleft lip
1699,749.1,Cleft lip,Congenital Anomalies,Cleft palate and cleft lip
1700,749.2,Cleft palate with cleft lip,Congenital Anomalies,Cleft palate and cleft lip
1701,750.0,Tongue tie,Congenital Anomalies,Other congenital anomalies of upper alimentary tract
1702,750.1,Other congenital anomalies of tongue,Congenital Anomalies,Other congenital anomalies of upper alimentary tract
1703,750.2,Other specified congenital anomalies of mouth and pharynx,Congenital Anomalies,Other congenital anomalies of upper alimentary tract
1704,750.3,"Tracheoesophageal fistula, esophageal atresia and stenosis",Congenital Anomalies,Other congenital anomalies of upper alimentary tract
1705,750.4,Other specified anomalies of esophagus,Congenital Anomalies,Other congenital anomalies of upper alimentary tract
1706,750.5,Congenital hypertrophic pyloric stenosis,Congenital Anomalies,Other congenital anomalies of upper alimentary tract
1707,750.6,Congenital hiatus hernia,Congenital Anomalies,Other congenital anomalies of upper alimentary tract
1708,750.7,Other specified anomalies of stomach,Congenital Anomalies,Other congenital anomalies of upper alimentary tract
1709,750.8,Other specified anomalies of upper alimentary tract,Congenital Anomalies,Other congenital anomalies of upper alimentary tract
1710,750.9,Unspecified anomaly of upper alimentary tract,Congenital Anomalies,Other congenital anomalies of upper alimentary tract
1711,751.0,Meckel's diverticulum,Congenital Anomalies,Other congenital anomalies of digestive system
1712,751.1,Atresia and stenosis of small intestine,Congenital Anomalies,Other congenital anomalies of digestive system
1713,751.2,"Atresia and stenosis of large intestine, rectum, and anal canal",Congenital Anomalies,Other congenital anomalies of digestive system
1714,751.3,Hirschsprung's disease and other congenital functional disorders of colon,Congenital Anomalies,Other congenital anomalies of digestive system
1715,751.4,Anomalies of intestinal fixation,Congenital Anomalies,Other congenital anomalies of digestive system
1716,751.5,Other anomalies of intestine,Congenital Anomalies,Other congenital anomalies of digestive system
1717,751.6,Anomalies of gallbladder bile ducts and liver,Congenital Anomalies,Other congenital anomalies of digestive system
1718,751.7,Anomalies of pancreas,Congenital Anomalies,Other congenital anomalies of digestive system
1719,751.8,Other specified anomalies of digestive system,Congenital Anomalies,Other congenital anomalies of digestive system
1720,751.9,Unspecified anomaly of digestive system,Congenital Anomalies,Other congenital anomalies of digestive system
1721,752.0,Anomalies of ovaries,Congenital Anomalies,Congenital anomalies of genital organs
1722,752.1,Congenital anomalies of fallopian tubes and broad ligaments,Congenital Anomalies,Congenital anomalies of genital organs
1723,752.2,Doubling of uterus,Congenital Anomalies,Congenital anomalies of genital organs
1724,752.3,Other congenital anomalies of uterus,Congenital Anomalies,Congenital anomalies of genital organs
1725,752.4,Congenital anomalies of cervix vagina and external female genitalia,Congenital Anomalies,Congenital anomalies of genital organs
1726,752.5,Undescended and retractile testicle,Congenital Anomalies,Congenital anomalies of genital organs
1727,752.6,Hypospadias and epispadias and other penile anomalies,Congenital Anomalies,Congenital anomalies of genital organs
1728,752.7,Indeterminate sex and pseudohermaphroditism,Congenital Anomalies,Congenital anomalies of genital organs
1729,752.8,Other specified congenital anomalies of genital organs,Congenital Anomalies,Congenital anomalies of genital organs
1730,752.9,Unspecified anomaly of genital organs,Congenital Anomalies,Congenital anomalies of genital organs
1731,753.0,Renal agenesis and dysgenesis,Congenital Anomalies,Congenital anomalies of urinary system
1732,753.1,Cystic kidney disease,Congenital Anomalies,Congenital anomalies of urinary system
1733,753.2,Obstructive defects of renal pelvis and ureter,Congenital Anomalies,Congenital anomalies of urinary system
1734,753.3,Other specified anomalies of kidney,Congenital Anomalies,Congenital anomalies of urinary system
1735,753.4,Other specified anomalies of ureter,Congenital Anomalies,Congenital anomalies of urinary system
1736,753.5,Exstrophy of urinary bladder,Congenital Anomalies,Congenital anomalies of urinary system
1737,753.6,Atresia and stenosis of urethra and bladder neck,Congenital Anomalies,Congenital anomalies of urinary system
1738,753.7,Anomalies of urachus,Congenital Anomalies,Congenital anomalies of urinary system
1739,753.8,Other specified anomalies of bladder and urethra,Congenital Anomalies,Congenital anomalies of urinary system
1740,753.9,Unspecified anomaly of urinary system,Congenital Anomalies,Congenital anomalies of urinary system
1741,754.0,"Congenital musculoskeletal deformities of skull, face, and jaw",Congenital Anomalies,Certain congenital musculoskeletal deformities
1742,754.1,Congenital musculoskeletal deformities of sternocleidomastoid muscle,Congenital Anomalies,Certain congenital musculoskeletal deformities
1743,754.2,Congenital musculoskeletal deformities of spine,Congenital Anomalies,Certain congenital musculoskeletal deformities
1744,754.3,Congenital dislocation of hip,Congenital Anomalies,Certain congenital musculoskeletal deformities
1745,754.4,Congenital genu recurvatum and bowing of long bones of leg,Congenital Anomalies,Certain congenital musculoskeletal deformities
1746,754.5,Congenital varus deformities of feet,Congenital Anomalies,Certain congenital musculoskeletal deformities
1747,754.6,Congenital valgus deformities of feet,Congenital Anomalies,Certain congenital musculoskeletal deformities
1748,754.7,Other congenital deformities of feet,Congenital Anomalies,Certain congenital musculoskeletal deformities
1749,754.8,Other specified nonteratogenic anomalies,Congenital Anomalies,Certain congenital musculoskeletal deformities
1750,755.0,Polydactyly,Congenital Anomalies,Other congenital anomalies of limbs
1751,755.1,Syndactyly,Congenital Anomalies,Other congenital anomalies of limbs
1752,755.2,Reduction deformities of upper limb congenital,Congenital Anomalies,Other congenital anomalies of limbs
1753,755.3,Congenital reduction deformities of lower limb,Congenital Anomalies,Other congenital anomalies of limbs
1754,755.4,"Reduction deformities, unspecified limb",Congenital Anomalies,Other congenital anomalies of limbs
1755,755.5,Other congenital anomalies of upper limb including shoulder girdle,Congenital Anomalies,Other congenital anomalies of limbs
1756,755.6,Other congenital anomalies of lower limb including pelvic girdle,Congenital Anomalies,Other congenital anomalies of limbs
1757,755.8,Other specified anomalies of unspecified limb,Congenital Anomalies,Other congenital anomalies of limbs
1758,755.9,Unspecified anomaly of unspecified limb,Congenital Anomalies,Other congenital anomalies of limbs
1759,756.0,Anomalies of skull and face bones,Congenital Anomalies,Other congenital musculoskeletal anomalies
1760,756.1,Congenital anomalies of spine,Congenital Anomalies,Other congenital musculoskeletal anomalies
1761,756.2,Cervical rib,Congenital Anomalies,Other congenital musculoskeletal anomalies
1762,756.3,Other anomalies of ribs and sternum,Congenital Anomalies,Other congenital musculoskeletal anomalies
1763,756.4,Chondrodystrophy,Congenital Anomalies,Other congenital musculoskeletal anomalies
1764,756.5,Congenital osteodystrophies,Congenital Anomalies,Other congenital musculoskeletal anomalies
1765,756.6,Anomalies of diaphragm,Congenital Anomalies,Other congenital musculoskeletal anomalies
1766,756.7,Congenital anomalies of abdominal wall,Congenital Anomalies,Other congenital musculoskeletal anomalies
1767,756.8,Other specified congenital anomalies of muscle tendon fascia and connective tissue,Congenital Anomalies,Other congenital musculoskeletal anomalies
1768,756.9,Other and unspecified anomalies of musculoskeletal system,Congenital Anomalies,Other congenital musculoskeletal anomalies
1769,757.0,Hereditary edema of legs,Congenital Anomalies,Congenital anomalies of the integument
1770,757.1,Ichthyosis congenita,Congenital Anomalies,Congenital anomalies of the integument
1771,757.2,Dermatoglyphic anomalies,Congenital Anomalies,Congenital anomalies of the integument
1772,757.3,Other specified congenital anomalies of skin,Congenital Anomalies,Congenital anomalies of the integument
1773,757.4,Specified anomalies of hair,Congenital Anomalies,Congenital anomalies of the integument
1774,757.5,Specified anomalies of nails,Congenital Anomalies,Congenital anomalies of the integument
1775,757.6,Specified congenital anomalies of breast,Congenital Anomalies,Congenital anomalies of the integument
1776,757.8,Other specified anomalies of the integument,Congenital Anomalies,Congenital anomalies of the integument
1777,757.9,Unspecified congenital anomaly of the integument,Congenital Anomalies,Congenital anomalies of the integument
1778,758.0,Down's syndrome,Congenital Anomalies,Chromosomal anomalies
1779,758.1,Patau's syndrome,Congenital Anomalies,Chromosomal anomalies
1780,758.2,Edwards' syndrome,Congenital Anomalies,Chromosomal anomalies
1781,758.3,Autosomal deletion syndromes,Congenital Anomalies,Chromosomal anomalies
1782,758.4,Balanced autosomal translocation in normal individual,Congenital Anomalies,Chromosomal anomalies
1783,758.5,Other conditions due to autosomal anomalies,Congenital Anomalies,Chromosomal anomalies
1784,758.6,Gonadal dysgenesis,Congenital Anomalies,Chromosomal anomalies
1785,758.7,Klinefelter's syndrome,Congenital Anomalies,Chromosomal anomalies
1786,758.8,Other conditions due to chromosome anomalies,Congenital Anomalies,Chromosomal anomalies
1787,758.9,Conditions due to anomaly of unspecified chromosome,Congenital Anomalies,Chromosomal anomalies
1788,759.0,Anomalies of spleen,Congenital Anomalies,Other and unspecified congenital anomalies
1789,759.1,Anomalies of adrenal gland,Congenital Anomalies,Other and unspecified congenital anomalies
1790,759.2,Anomalies of other endocrine glands,Congenital Anomalies,Other and unspecified congenital anomalies
1791,759.3,Situs inversus,Congenital Anomalies,Other and unspecified congenital anomalies
1792,759.4,Conjoined twins,Congenital Anomalies,Other and unspecified congenital anomalies
1793,759.5,Tuberous sclerosis,Congenital Anomalies,Other and unspecified congenital anomalies
1794,759.6,"Other hamartoses, not elsewhere classified",Congenital Anomalies,Other and unspecified congenital anomalies
1795,759.7,"Multiple congenital anomalies, so described",Congenital Anomalies,Other and unspecified congenital anomalies
1796,759.8,Other specified congenital anomalies,Congenital Anomalies,Other and unspecified congenital anomalies
1797,759.9,"Congenital anomaly, unspecified",Congenital Anomalies,Other and unspecified congenital anomalies
1798,760,Fetus or newborn affected by maternal conditions which may be unrelated to present pregnancy,Certain Conditions Originating In The Perinatal Period,Maternal Causes Of Perinatal Morbidity And Mortality
1799,761,Fetus or newborn affected by maternal complications of pregnancy,Certain Conditions Originating In The Perinatal Period,Maternal Causes Of Perinatal Morbidity And Mortality
1800,762,Fetus or newborn affected by complications of placenta cord and membranes,Certain Conditions Originating In The Perinatal Period,Maternal Causes Of Perinatal Morbidity And Mortality
1801,763,Fetus or newborn affected by other complications of labor and delivery,Certain Conditions Originating In The Perinatal Period,Maternal Causes Of Perinatal Morbidity And Mortality
1802,764,Slow fetal growth and fetal malnutrition,Certain Conditions Originating In The Perinatal Period,Other Conditions Originating In The Perinatal Period
1803,765,Disorders relating to short gestation and low birthweight,Certain Conditions Originating In The Perinatal Period,Other Conditions Originating In The Perinatal Period
1804,766,Disorders relating to long gestation and high birthweight,Certain Conditions Originating In The Perinatal Period,Other Conditions Originating In The Perinatal Period
1805,767,Birth trauma,Certain Conditions Originating In The Perinatal Period,Other Conditions Originating In The Perinatal Period
1806,768,Intrauterine hypoxia and birth asphyxia,Certain Conditions Originating In The Perinatal Period,Other Conditions Originating In The Perinatal Period
1807,769,Respiratory distress syndrome in newborn,Certain Conditions Originating In The Perinatal Period,Other Conditions Originating In The Perinatal Period
1808,770,Other respiratory conditions of fetus and newborn,Certain Conditions Originating In The Perinatal Period,Other Conditions Originating In The Perinatal Period
1809,771,Infections specific to the perinatal period,Certain Conditions Originating In The Perinatal Period,Other Conditions Originating In The Perinatal Period
1810,772,Fetal and neonatal hemorrhage,Certain Conditions Originating In The Perinatal Period,Other Conditions Originating In The Perinatal Period
1811,773,Hemolytic disease of fetus or newborn due to isoimmunization,Certain Conditions Originating In The Perinatal Period,Other Conditions Originating In The Perinatal Period
1812,774,Other perinatal jaundice,Certain Conditions Originating In The Perinatal Period,Other Conditions Originating In The Perinatal Period
1813,775,Endocrine and metabolic disturbances specific to the fetus and newborn,Certain Conditions Originating In The Perinatal Period,Other Conditions Originating In The Perinatal Period
1814,776,Hematological disorders of newborn,Certain Conditions Originating In The Perinatal Period,Other Conditions Originating In The Perinatal Period
1815,777,Perinatal disorders of digestive system,Certain Conditions Originating In The Perinatal Period,Other Conditions Originating In The Perinatal Period
1816,778,Conditions involving the integument and temperature regulation of fetus and newborn,Certain Conditions Originating In The Perinatal Period,Other Conditions Originating In The Perinatal Period
1817,779,Other and ill-defined conditions originating in the perinatal period,Certain Conditions Originating In The Perinatal Period,Other Conditions Originating In The Perinatal Period
1818,780,General symptoms,"Symptoms, Signs, And Ill-Defined Conditions",Symptoms
1819,781,Symptoms involving nervous and musculoskeletal systems,"Symptoms, Signs, And Ill-Defined Conditions",Symptoms
1820,782,Symptoms involving skin and other integumentary tissue,"Symptoms, Signs, And Ill-Defined Conditions",Symptoms
1821,783,Symptoms concerning nutrition metabolism and development,"Symptoms, Signs, And Ill-Defined Conditions",Symptoms
1822,784,Symptoms involving head and neck,"Symptoms, Signs, And Ill-Defined Conditions",Symptoms
1823,785,Symptoms involving cardiovascular system,"Symptoms, Signs, And Ill-Defined Conditions",Symptoms
1824,786,Symptoms involving respiratory system and other chest symptoms,"Symptoms, Signs, And Ill-Defined Conditions",Symptoms
1825,787,Symptoms involving digestive system,"Symptoms, Signs, And Ill-Defined Conditions",Symptoms
1826,788,Symptoms involving urinary system,"Symptoms, Signs, And Ill-Defined Conditions",Symptoms
1827,789,Other symptoms involving abdomen and pelvis,"Symptoms, Signs, And Ill-Defined Conditions",Symptoms
1828,790,Nonspecific findings on examination of blood,"Symptoms, Signs, And Ill-Defined Conditions",Nonspecific Abnormal Findings
1829,791,Nonspecific findings on examination of urine,"Symptoms, Signs, And Ill-Defined Conditions",Nonspecific Abnormal Findings
1830,792,Nonspecific abnormal findings in other body substances,"Symptoms, Signs, And Ill-Defined Conditions",Nonspecific Abnormal Findings
1831,793,Nonspecific (abnormal) findings on radiological and other examination of body structure,"Symptoms, Signs, And Ill-Defined Conditions",Nonspecific Abnormal Findings
1832,794,Nonspecific abnormal results of function studies,"Symptoms, Signs, And Ill-Defined Conditions",Nonspecific Abnormal Findings
1833,795,"Other and nonspecific abnormal cytological, histological, immunological, and dna test findings","Symptoms, Signs, And Ill-Defined Conditions",Nonspecific Abnormal Findings
1834,796,Other nonspecific abnormal findings,"Symptoms, Signs, And Ill-Defined Conditions",Nonspecific Abnormal Findings
1835,797,Senility without mention of psychosis,"Symptoms, Signs, And Ill-Defined Conditions",Ill-Defined And Unknown Causes Of Morbidity And Mortality
1836,798,Sudden death cause unknown,"Symptoms, Signs, And Ill-Defined Conditions",Ill-Defined And Unknown Causes Of Morbidity And Mortality
1837,799,Other ill-defined and unknown causes of morbidity and mortality,"Symptoms, Signs, And Ill-Defined Conditions",Ill-Defined And Unknown Causes Of Morbidity And Mortality
1838,800,Fracture of vault of skull,Injury And Poisoning,Fracture Of Skull
1839,801,Fracture of base of skull,Injury And Poisoning,Fracture Of Skull
1840,802,Fracture of face bones,Injury And Poisoning,Fracture Of Skull
1841,803,Other and unqualified skull fractures,Injury And Poisoning,Fracture Of Skull
1842,804,Multiple fractures involving skull or face with other bones,Injury And Poisoning,Fracture Of Skull
1843,805,Fracture of vertebral column without mention of spinal cord injury,Injury And Poisoning,Fracture Of Spine And Trunk
1844,806,Fracture of vertebral column with spinal cord injury,Injury And Poisoning,Fracture Of Spine And Trunk
1845,807,Fracture of rib(s) sternum larynx and trachea,Injury And Poisoning,Fracture Of Spine And Trunk
1846,808,Fracture of pelvis,Injury And Poisoning,Fracture Of Spine And Trunk
1847,809,Ill-defined fractures of bones of trunk,Injury And Poisoning,Fracture Of Spine And Trunk
1848,810,Fracture of clavicle,Injury And Poisoning,Fracture Of Upper Limb
1849,811,Fracture of scapula,Injury And Poisoning,Fracture Of Upper Limb
1850,812,Fracture of humerus,Injury And Poisoning,Fracture Of Upper Limb
1851,813,Fracture of radius and ulna,Injury And Poisoning,Fracture Of Upper Limb
1852,814,Fracture of carpal bone(s),Injury And Poisoning,Fracture Of Upper Limb
1853,815,Fracture of metacarpal bone(s),Injury And Poisoning,Fracture Of Upper Limb
1854,816,Fracture of one or more phalanges of hand,Injury And Poisoning,Fracture Of Upper Limb
1855,817,Multiple fractures of hand bones,Injury And Poisoning,Fracture Of Upper Limb
1856,818,Ill-defined fractures of upper limb,Injury And Poisoning,Fracture Of Upper Limb
1857,819,Multiple fractures involving both upper limbs and upper limb with rib(s) and sternum,Injury And Poisoning,Fracture Of Upper Limb
1858,820,Fracture of neck of femur,Injury And Poisoning,Fracture Of Lower Limb
1859,821,Fracture of other and unspecified parts of femur,Injury And Poisoning,Fracture Of Lower Limb
1860,822,Fracture of patella,Injury And Poisoning,Fracture Of Lower Limb
1861,823,Fracture of tibia and fibula,Injury And Poisoning,Fracture Of Lower Limb
1862,824,Fracture of ankle,Injury And Poisoning,Fracture Of Lower Limb
1863,825,Fracture of one or more tarsal and metatarsal bones,Injury And Poisoning,Fracture Of Lower Limb
1864,826,Fracture of one or more phalanges of foot,Injury And Poisoning,Fracture Of Lower Limb
1865,827,Other multiple and ill-defined fractures of lower limb,Injury And Poisoning,Fracture Of Lower Limb
1866,828,Multiple fractures involving both lower limbs lower with upper limb and lower limb(s) with rib(s) and sternum,Injury And Poisoning,Fracture Of Lower Limb
1867,829,Fracture of unspecified bones,Injury And Poisoning,Fracture Of Lower Limb
1868,830,Dislocation of jaw,Injury And Poisoning,Dislocation
1869,831,Dislocation of shoulder,Injury And Poisoning,Dislocation
1870,832,Dislocation of elbow,Injury And Poisoning,Dislocation
1871,833,Dislocation of wrist,Injury And Poisoning,Dislocation
1872,834,Dislocation of finger,Injury And Poisoning,Dislocation
1873,835,Dislocation of hip,Injury And Poisoning,Dislocation
1874,836,Dislocation of knee,Injury And Poisoning,Dislocation
1875,837,Dislocation of ankle,Injury And Poisoning,Dislocation
1876,838,Dislocation of foot,Injury And Poisoning,Dislocation
1877,839,Other multiple and ill-defined dislocations,Injury And Poisoning,Dislocation
1878,840,Sprains and strains of shoulder and upper arm,Injury And Poisoning,Sprains And Strains Of Joints And Adjacent Muscles
1879,841,Sprains and strains of elbow and forearm,Injury And Poisoning,Sprains And Strains Of Joints And Adjacent Muscles
1880,842,Sprains and strains of wrist and hand,Injury And Poisoning,Sprains And Strains Of Joints And Adjacent Muscles
1881,843,Sprains and strains of hip and thigh,Injury And Poisoning,Sprains And Strains Of Joints And Adjacent Muscles
1882,844,Sprains and strains of knee and leg,Injury And Poisoning,Sprains And Strains Of Joints And Adjacent Muscles
1883,845,Sprains and strains of ankle and foot,Injury And Poisoning,Sprains And Strains Of Joints And Adjacent Muscles
1884,846,Sprains and strains of sacroiliac region,Injury And Poisoning,Sprains And Strains Of Joints And Adjacent Muscles
1885,847,Sprains and strains of other and unspecified parts of back,Injury And Poisoning,Sprains And Strains Of Joints And Adjacent Muscles
1886,848,Other and ill-defined sprains and strains,Injury And Poisoning,Sprains And Strains Of Joints And Adjacent Muscles
1887,850,Concussion,Injury And Poisoning,"Intracranial Injury, Excluding Those With Skull Fracture"
1888,851,Cerebral laceration and contusion,Injury And Poisoning,"Intracranial Injury, Excluding Those With Skull Fracture"
1889,852,Subarachnoid subdural and extradural hemorrhage following injury,Injury And Poisoning,"Intracranial Injury, Excluding Those With Skull Fracture"
1890,853,Other and unspecified intracranial hemorrhage following injury,Injury And Poisoning,"Intracranial Injury, Excluding Those With Skull Fracture"
1891,854,Intracranial injury of other and unspecified nature,Injury And Poisoning,"Intracranial Injury, Excluding Those With Skull Fracture"
1892,860,Traumatic pneumothorax and hemothorax,Injury And Poisoning,"Internal Injury Of Chest, Abdomen, And Pelvis"
1893,861,Injury to heart and lung,Injury And Poisoning,"Internal Injury Of Chest, Abdomen, And Pelvis"
1894,862,Injury to other and unspecified intrathoracic organs,Injury And Poisoning,"Internal Injury Of Chest, Abdomen, And Pelvis"
1895,863,Injury to gastrointestinal tract,Injury And Poisoning,"Internal Injury Of Chest, Abdomen, And Pelvis"
1896,864,Injury to liver,Injury And Poisoning,"Internal Injury Of Chest, Abdomen, And Pelvis"
1897,865,Injury to spleen,Injury And Poisoning,"Internal Injury Of Chest, Abdomen, And Pelvis"
1898,866,Injury to kidney,Injury And Poisoning,"Internal Injury Of Chest, Abdomen, And Pelvis"
1899,867,Injury to pelvic organs,Injury And Poisoning,"Internal Injury Of Chest, Abdomen, And Pelvis"
1900,868,Injury to other intra-abdominal organs,Injury And Poisoning,"Internal Injury Of Chest, Abdomen, And Pelvis"
1901,869,Internal injury to unspecified or ill-defined organs,Injury And Poisoning,"Internal Injury Of Chest, Abdomen, And Pelvis"
1902,870,Open wound of ocular adnexa,Injury And Poisoning,"Open Wound Of Head, Neck, And Trunk"
1903,871,Open wound of eyeball,Injury And Poisoning,"Open Wound Of Head, Neck, And Trunk"
1904,872,Open wound of ear,Injury And Poisoning,"Open Wound Of Head, Neck, And Trunk"
1905,873,Other open wound of head,Injury And Poisoning,"Open Wound Of Head, Neck, And Trunk"
1906,874,Open wound of neck,Injury And Poisoning,"Open Wound Of Head, Neck, And Trunk"
1907,875,Open wound of chest (wall),Injury And Poisoning,"Open Wound Of Head, Neck, And Trunk"
1908,876,Open wound of back,Injury And Poisoning,"Open Wound Of Head, Neck, And Trunk"
1909,877,Open wound of buttock,Injury And Poisoning,"Open Wound Of Head, Neck, And Trunk"
1910,878,Open wound of genital organs (external) including traumatic amputation,Injury And Poisoning,"Open Wound Of Head, Neck, And Trunk"
1911,879,Open wound of other and unspecified sites except limbs,Injury And Poisoning,"Open Wound Of Head, Neck, And Trunk"
1912,880,Open wound of shoulder and upper arm,Injury And Poisoning,Open Wound Of Upper Limb
1913,881,Open wound of elbow forearm and wrist,Injury And Poisoning,Open Wound Of Upper Limb
1914,882,Open wound of hand except finger(s) alone,Injury And Poisoning,Open Wound Of Upper Limb
1915,883,Open wound of finger(s),Injury And Poisoning,Open Wound Of Upper Limb
1916,884,Multiple and unspecified open wound of upper limb,Injury And Poisoning,Open Wound Of Upper Limb
1917,885,Traumatic amputation of thumb (complete) (partial),Injury And Poisoning,Open Wound Of Upper Limb
1918,886,Traumatic amputation of other finger(s) (complete) (partial),Injury And Poisoning,Open Wound Of Upper Limb
1919,887,Traumatic amputation of arm and hand (complete) (partial),Injury And Poisoning,Open Wound Of Upper Limb
1920,890,Open wound of hip and thigh,Injury And Poisoning,Open Wound Of Lower Limb
1921,891,Open wound of knee leg (except thigh) and ankle,Injury And Poisoning,Open Wound Of Lower Limb
1922,892,Open wound of foot except toe(s) alone,Injury And Poisoning,Open Wound Of Lower Limb
1923,893,Open wound of toe(s),Injury And Poisoning,Open Wound Of Lower Limb
1924,894,Multiple and unspecified open wound of lower limb,Injury And Poisoning,Open Wound Of Lower Limb
1925,895,Traumatic amputation of toe(s) (complete) (partial),Injury And Poisoning,Open Wound Of Lower Limb
1926,896,Traumatic amputation of foot (complete) (partial),Injury And Poisoning,Open Wound Of Lower Limb
1927,897,Traumatic amputation of leg(s) (complete) (partial),Injury And Poisoning,Open Wound Of Lower Limb
1928,900,Injury to blood vessels of head and neck,Injury And Poisoning,Injury To Blood Vessels
1929,901,Injury to blood vessels of thorax,Injury And Poisoning,Injury To Blood Vessels
1930,902,Injury to blood vessels of abdomen and pelvis,Injury And Poisoning,Injury To Blood Vessels
1931,903,Injury to blood vessels of upper extremity,Injury And Poisoning,Injury To Blood Vessels
1932,904,Injury to blood vessels of lower extremity and unspecified sites,Injury And Poisoning,Injury To Blood Vessels
1933,905,Late effects of musculoskeletal and connective tissue injuries,Injury And Poisoning,"Late Effects Of Injuries, Poisonings, Toxic Effects, And Other External Causes"
1934,906,Late effects of injuries to skin and subcutaneous tissues,Injury And Poisoning,"Late Effects Of Injuries, Poisonings, Toxic Effects, And Other External Causes"
1935,907,Late effects of injuries to the nervous system,Injury And Poisoning,"Late Effects Of Injuries, Poisonings, Toxic Effects, And Other External Causes"
1936,908,Late effects of other and unspecified injuries,Injury And Poisoning,"Late Effects Of Injuries, Poisonings, Toxic Effects, And Other External Causes"
1937,909,Late effects of other and unspecified external causes,Injury And Poisoning,"Late Effects Of Injuries, Poisonings, Toxic Effects, And Other External Causes"
1938,910,Superficial injury of face neck and scalp except eye,Injury And Poisoning,Superficial Injury
1939,911,Superficial injury of trunk,Injury And Poisoning,Superficial Injury
1940,912,Superficial injury of shoulder and upper arm,Injury And Poisoning,Superficial Injury
1941,913,Superficial injury of elbow forearm and wrist,Injury And Poisoning,Superficial Injury
1942,914,Superficial injury of hand(s) except finger(s) alone,Injury And Poisoning,Superficial Injury
1943,915,Superficial injury of finger(s),Injury And Poisoning,Superficial Injury
1944,916,Superficial injury of hip thigh leg and ankle,Injury And Poisoning,Superficial Injury
1945,917,Superficial injury of foot and toe(s),Injury And Poisoning,Superficial Injury
1946,918,Superficial injury of eye and adnexa,Injury And Poisoning,Superficial Injury
1947,919,Superficial injury of other multiple and unspecified sites,Injury And Poisoning,Superficial Injury
1948,920,"Contusion of face, scalp, and neck except eye(s)",Injury And Poisoning,Contusion With Intact Skin Surface
1949,921,Contusion of eye and adnexa,Injury And Poisoning,Contusion With Intact Skin Surface
1950,922,Contusion of trunk,Injury And Poisoning,Contusion With Intact Skin Surface
1951,923,Contusion of upper limb,Injury And Poisoning,Contusion With Intact Skin Surface
1952,924,Contusion of lower limb and of other and unspecified sites,Injury And Poisoning,Contusion With Intact Skin Surface
1953,925,Crushing injury of face scalp and neck,Injury And Poisoning,Crushing Injury
1954,926,Crushing injury of trunk,Injury And Poisoning,Crushing Injury
1955,927,Crushing injury of upper limb,Injury And Poisoning,Crushing Injury
1956,928,Crushing injury of lower limb,Injury And Poisoning,Crushing Injury
1957,929,Crushing injury of multiple and unspecified sites,Injury And Poisoning,Crushing Injury
1958,930,Foreign body on external eye,Injury And Poisoning,Effects Of Foreign Body Entering Through Orifice
1959,931,Foreign body in ear,Injury And Poisoning,Effects Of Foreign Body Entering Through Orifice
1960,932,Foreign body in nose,Injury And Poisoning,Effects Of Foreign Body Entering Through Orifice
1961,933,Foreign body in pharynx and larynx,Injury And Poisoning,Effects Of Foreign Body Entering Through Orifice
1962,934,Foreign body in trachea bronchus and lung,Injury And Poisoning,Effects Of Foreign Body Entering Through Orifice
1963,935,Foreign body in mouth esophagus and stomach,Injury And Poisoning,Effects Of Foreign Body Entering Through Orifice
1964,936,Foreign body in intestine and colon,Injury And Poisoning,Effects Of Foreign Body Entering Through Orifice
1965,937,Foreign body in anus and rectum,Injury And Poisoning,Effects Of Foreign Body Entering Through Orifice
1966,938,"Foreign body in digestive system, unspecified",Injury And Poisoning,Effects Of Foreign Body Entering Through Orifice
1967,939,Foreign body in genitourinary tract,Injury And Poisoning,Effects Of Foreign Body Entering Through Orifice
1968,940,Burn confined to eye and adnexa,Injury And Poisoning,Burns
1969,941,Burn of face head and neck,Injury And Poisoning,Burns
1970,942,Burn of trunk,Injury And Poisoning,Burns
1971,943,Burn of upper limb except wrist and hand,Injury And Poisoning,Burns
1972,944,Burn of wrist(s) and hand(s),Injury And Poisoning,Burns
1973,945,Burn of lower limb(s),Injury And Poisoning,Burns
1974,946,Burns of multiple specified sites,Injury And Poisoning,Burns
1975,947,Burn of internal organs,Injury And Poisoning,Burns
1976,948,Burns classified according to extent of body surface involved,Injury And Poisoning,Burns
1977,949,Burn unspecified site,Injury And Poisoning,Burns
1978,950,Injury to optic nerve and pathways,Injury And Poisoning,Injury To Nerves And Spinal Cord
1979,951,Injury to other cranial nerve(s),Injury And Poisoning,Injury To Nerves And Spinal Cord
1980,952,Spinal cord injury without evidence of spinal bone injury,Injury And Poisoning,Injury To Nerves And Spinal Cord
1981,953,Injury to nerve roots and spinal plexus,Injury And Poisoning,Injury To Nerves And Spinal Cord
1982,954,Injury to other nerve(s) of trunk excluding shoulder and pelvic girdles,Injury And Poisoning,Injury To Nerves And Spinal Cord
1983,955,Injury to peripheral nerve(s) of shoulder girdle and upper limb,Injury And Poisoning,Injury To Nerves And Spinal Cord
1984,956,Injury to peripheral nerve(s) of pelvic girdle and lower limb,Injury And Poisoning,Injury To Nerves And Spinal Cord
1985,957,Injury to other and unspecified nerves,Injury And Poisoning,Injury To Nerves And Spinal Cord
1986,958,Certain early complications of trauma,Injury And Poisoning,Certain Traumatic Complications And Unspecified Injuries
1987,959,Injury other and unspecified,Injury And Poisoning,Certain Traumatic Complications And Unspecified Injuries
1988,960,Poisoning by antibiotics,Injury And Poisoning,"Poisoning By Drugs, Medicinals And Biological Substances"
1989,961,Poisoning by other anti-infectives,Injury And Poisoning,"Poisoning By Drugs, Medicinals And Biological Substances"
1990,962,Poisoning by hormones and synthetic substitutes,Injury And Poisoning,"Poisoning By Drugs, Medicinals And Biological Substances"
1991,963,Poisoning by primarily systemic agents,Injury And Poisoning,"Poisoning By Drugs, Medicinals And Biological Substances"
1992,964,Poisoning by agents primarily affecting blood constituents,Injury And Poisoning,"Poisoning By Drugs, Medicinals And Biological Substances"
1993,965,Poisoning by analgesics antipyretics and antirheumatics,Injury And Poisoning,"Poisoning By Drugs, Medicinals And Biological Substances"
1994,966,Poisoning by anticonvulsants and anti-parkinsonism drugs,Injury And Poisoning,"Poisoning By Drugs, Medicinals And Biological Substances"
1995,967,Poisoning by sedatives and hypnotics,Injury And Poisoning,"Poisoning By Drugs, Medicinals And Biological Substances"
1996,968,Poisoning by other central nervous system depressants and anesthetics,Injury And Poisoning,"Poisoning By Drugs, Medicinals And Biological Substances"
1997,969,Poisoning by psychotropic agents,Injury And Poisoning,"Poisoning By Drugs, Medicinals And Biological Substances"
1998,970,Poisoning by central nervous system stimulants,Injury And Poisoning,"Poisoning By Drugs, Medicinals And Biological Substances"
1999,971,Poisoning by drugs primarily affecting the autonomic nervous system,Injury And Poisoning,"Poisoning By Drugs, Medicinals And Biological Substances"
2000,972,Poisoning by agents primarily affecting the cardiovascular system,Injury And Poisoning,"Poisoning By Drugs, Medicinals And Biological Substances"
2001,973,Poisoning by agents primarily affecting the gastrointestinal system,Injury And Poisoning,"Poisoning By Drugs, Medicinals And Biological Substances"
2002,974,Poisoning by water mineral and uric acid metabolism drugs,Injury And Poisoning,"Poisoning By Drugs, Medicinals And Biological Substances"
2003,975,Poisoning by agents primarily acting on the smooth and skeletal muscles and respiratory system,Injury And Poisoning,"Poisoning By Drugs, Medicinals And Biological Substances"
2004,976,Poisoning by agents primarily affecting skin and mucous membrane ophthalmological otorhinolaryngological and dental drugs,Injury And Poisoning,"Poisoning By Drugs, Medicinals And Biological Substances"
2005,977,Poisoning by other and unspecified drugs and medicinal substances,Injury And Poisoning,"Poisoning By Drugs, Medicinals And Biological Substances"
2006,978,Poisoning by bacterial vaccines,Injury And Poisoning,"Poisoning By Drugs, Medicinals And Biological Substances"
2007,979,Poisoning by other vaccines and biological substances,Injury And Poisoning,"Poisoning By Drugs, Medicinals And Biological Substances"
2008,980,Toxic effect of alcohol,Injury And Poisoning,Toxic Effects Of Substances Chiefly Nonmedicinal As To Source
2009,981,Toxic effect of petroleum products,Injury And Poisoning,Toxic Effects Of Substances Chiefly Nonmedicinal As To Source
2010,982,Toxic effect of solvents other than petroleum-based,Injury And Poisoning,Toxic Effects Of Substances Chiefly Nonmedicinal As To Source
2011,983,Toxic effect of corrosive aromatics acids and caustic alkalis,Injury And Poisoning,Toxic Effects Of Substances Chiefly Nonmedicinal As To Source
2012,984,Toxic effect of lead and its compounds (including fumes),Injury And Poisoning,Toxic Effects Of Substances Chiefly Nonmedicinal As To Source
2013,985,Toxic effect of other metals,Injury And Poisoning,Toxic Effects Of Substances Chiefly Nonmedicinal As To Source
2014,986,Toxic effect of carbon monoxide,Injury And Poisoning,Toxic Effects Of Substances Chiefly Nonmedicinal As To Source
2015,987,Toxic effect of other gases fumes or vapors,Injury And Poisoning,Toxic Effects Of Substances Chiefly Nonmedicinal As To Source
2016,988,Toxic effect of noxious substances eaten as food,Injury And Poisoning,Toxic Effects Of Substances Chiefly Nonmedicinal As To Source
2017,989,Toxic effect of other substances chiefly nonmedicinal as to source,Injury And Poisoning,Toxic Effects Of Substances Chiefly Nonmedicinal As To Source
2018,990,"Effects of radiation, unspecified",Injury And Poisoning,Other And Unspecified Effects Of External Causes
2019,991,Effects of reduced temperature,Injury And Poisoning,Other And Unspecified Effects Of External Causes
2020,992,Effects of heat and light,Injury And Poisoning,Other And Unspecified Effects Of External Causes
2021,993,Effects of air pressure,Injury And Poisoning,Other And Unspecified Effects Of External Causes
2022,994,Effects of other external causes,Injury And Poisoning,Other And Unspecified Effects Of External Causes
2023,995,Certain adverse effects not elsewhere classified,Injury And Poisoning,Other And Unspecified Effects Of External Causes
2024,996,Complications peculiar to certain specified procedures,Injury And Poisoning,"Complications Of Surgical And Medical Care, Not Elsewhere Classified"
2025,997,Complications affecting specified body system not elsewhere classified,Injury And Poisoning,"Complications Of Surgical And Medical Care, Not Elsewhere Classified"
2026,998,Other complications of procedures not elsewhere classified,Injury And Poisoning,"Complications Of Surgical And Medical Care, Not Elsewhere Classified"
2027,999,Complications of medical care not elsewhere classified,Injury And Poisoning,"Complications Of Surgical And Medical Care, Not Elsewhere Classified"
2028,V01,Contact with or exposure to communicable diseases,Supplementary Classification Of Factors Influencing Health Status And Contact With Health Services,Persons With Potential Health Hazards Related To Communicable Diseases
2029,V02,Carrier or suspected carrier of infectious diseases,Supplementary Classification Of Factors Influencing Health Status And Contact With Health Services,Persons With Potential Health Hazards Related To Communicable Diseases
2030,V03,Need for prophylactic vaccination and inoculation against bacterial diseases,Supplementary Classification Of Factors Influencing Health Status And Contact With Health Services,Persons With Potential Health Hazards Related To Communicable Diseases
2031,V04,Need for prophylactic vaccination and inoculation against certain viral diseases,Supplementary Classification Of Factors Influencing Health Status And Contact With Health Services,Persons With Potential Health Hazards Related To Communicable Diseases
2032,V05,Need for other prophylactic vaccination and inoculation against single diseases,Supplementary Classification Of Factors Influencing Health Status And Contact With Health Services,Persons With Potential Health Hazards Related To Communicable Diseases
2033,V06,Need for prophylactic vaccination and inoculation against combinations of diseases,Supplementary Classification Of Factors Influencing Health Status And Contact With Health Services,Persons With Potential Health Hazards Related To Communicable Diseases
2034,V07,Need for isolation and other prophylactic measures,Supplementary Classification Of Factors Influencing Health Status And Contact With Health Services,Persons With Potential Health Hazards Related To Communicable Diseases
2035,V08,Asymptomatic human immunodeficiency virus [HIV] infection status,Supplementary Classification Of Factors Influencing Health Status And Contact With Health Services,Persons With Potential Health Hazards Related To Communicable Diseases
2036,V09,Infection with drug-resistant microorganisms,Supplementary Classification Of Factors Influencing Health Status And Contact With Health Services,Persons With Potential Health Hazards Related To Communicable Diseases
2037,V10,Personal history of malignant neoplasm,Supplementary Classification Of Factors Influencing Health Status And Contact With Health Services,Persons With Potential Health Hazards Related To Personal And Family History
2038,V11,Personal history of mental disorder,Supplementary Classification Of Factors Influencing Health Status And Contact With Health Services,Persons With Potential Health Hazards Related To Personal And Family History
2039,V12,Personal history of certain other diseases,Supplementary Classification Of Factors Influencing Health Status And Contact With Health Services,Persons With Potential Health Hazards Related To Personal And Family History
2040,V13,Personal history of other diseases,Supplementary Classification Of Factors Influencing Health Status And Contact With Health Services,Persons With Potential Health Hazards Related To Personal And Family History
2041,V14,Personal history of allergy to medicinal agents,Supplementary Classification Of Factors Influencing Health Status And Contact With Health Services,Persons With Potential Health Hazards Related To Personal And Family History
2042,V15,Other personal history presenting hazards to health,Supplementary Classification Of Factors Influencing Health Status And Contact With Health Services,Persons With Potential Health Hazards Related To Personal And Family History
2043,V16,Family history of malignant neoplasm,Supplementary Classification Of Factors Influencing Health Status And Contact With Health Services,Persons With Potential Health Hazards Related To Personal And Family History
2044,V17,Family history of certain chronic disabling diseases,Supplementary Classification Of Factors Influencing Health Status And Contact With Health Services,Persons With Potential Health Hazards Related To Personal And Family History
2045,V18,Family history of certain other specific conditions,Supplementary Classification Of Factors Influencing Health Status And Contact With Health Services,Persons With Potential Health Hazards Related To Personal And Family History
2046,V19,Family history of other conditions,Supplementary Classification Of Factors Influencing Health Status And Contact With Health Services,Persons With Potential Health Hazards Related To Personal And Family History
2047,V20,Health supervision of infant or child,Supplementary Classification Of Factors Influencing Health Status And Contact With Health Services,Persons Encountering Health Services In Circumstances Related To Reproduction And Development
2048,V21,Constitutional states in development,Supplementary Classification Of Factors Influencing Health Status And Contact With Health Services,Persons Encountering Health Services In Circumstances Related To Reproduction And Development
2049,V22,Normal pregnancy,Supplementary Classification Of Factors Influencing Health Status And Contact With Health Services,Persons Encountering Health Services In Circumstances Related To Reproduction And Development
2050,V23,Supervision of high-risk pregnancy,Supplementary Classification Of Factors Influencing Health Status And Contact With Health Services,Persons Encountering Health Services In Circumstances Related To Reproduction And Development
2051,V24,Postpartum care and examination,Supplementary Classification Of Factors Influencing Health Status And Contact With Health Services,Persons Encountering Health Services In Circumstances Related To Reproduction And Development
2052,V25,Encounter for contraceptive management,Supplementary Classification Of Factors Influencing Health Status And Contact With Health Services,Persons Encountering Health Services In Circumstances Related To Reproduction And Development
2053,V26,Procreative management,Supplementary Classification Of Factors Influencing Health Status And Contact With Health Services,Persons Encountering Health Services In Circumstances Related To Reproduction And Development
2054,V27,Outcome of delivery,Supplementary Classification Of Factors Influencing Health Status And Contact With Health Services,Persons Encountering Health Services In Circumstances Related To Reproduction And Development
2055,V28,Encounter for antenatal screening of mother,Supplementary Classification Of Factors Influencing Health Status And Contact With Health Services,Persons Encountering Health Services In Circumstances Related To Reproduction And Development
2056,V29,Observation and evaluation of newborns for suspected conditions not found,Supplementary Classification Of Factors Influencing Health Status And Contact With Health Services,Persons Encountering Health Services In Circumstances Related To Reproduction And Development
2057,V30,Single liveborn,Supplementary Classification Of Factors Influencing Health Status And Contact With Health Services,Liveborn Infants According To Type Of Birth
2058,V31,Twin birth mate liveborn,Supplementary Classification Of Factors Influencing Health Status And Contact With Health Services,Liveborn Infants According To Type Of Birth
2059,V32,Twin birth mate stillborn,Supplementary Classification Of Factors Influencing Health Status And Contact With Health Services,Liveborn Infants According To Type Of Birth
2060,V33,Twin birth unspecified whether mate liveborn or stillborn,Supplementary Classification Of Factors Influencing Health Status And Contact With Health Services,Liveborn Infants According To Type Of Birth
2061,V34,Other multiple birth (three or more) mates all liveborn,Supplementary Classification Of Factors Influencing Health Status And Contact With Health Services,Liveborn Infants According To Type Of Birth
2062,V35,Other multiple birth (three or more) mates all stillborn,Supplementary Classification Of Factors Influencing Health Status And Contact With Health Services,Liveborn Infants According To Type Of Birth
2063,V36,Other multiple birth (three or more) mates liveborn and stillborn,Supplementary Classification Of Factors Influencing Health Status And Contact With Health Services,Liveborn Infants According To Type Of Birth
2064,V37,Other multiple birth (three or more) unspecified whether mates liveborn or stillborn,Supplementary Classification Of Factors Influencing Health Status And Contact With Health Services,Liveborn Infants According To Type Of Birth
2065,V39,Liveborn unspecified whether single twin or multiple,Supplementary Classification Of Factors Influencing Health Status And Contact With Health Services,Liveborn Infants According To Type Of Birth
2066,V40,Mental and behavioral problems,Supplementary Classification Of Factors Influencing Health Status And Contact With Health Services,Persons With A Condition Influencing Their Health Status
2067,V41,Problems with special senses and other special functions,Supplementary Classification Of Factors Influencing Health Status And Contact With Health Services,Persons With A Condition Influencing Their Health Status
2068,V42,Organ or tissue replaced by transplant,Supplementary Classification Of Factors Influencing Health Status And Contact With Health Services,Persons With A Condition Influencing Their Health Status
2069,V43,Organ or tissue replaced by other means,Supplementary Classification Of Factors Influencing Health Status And Contact With Health Services,Persons With A Condition Influencing Their Health Status
2070,V44,Artificial opening status,Supplementary Classification Of Factors Influencing Health Status And Contact With Health Services,Persons With A Condition Influencing Their Health Status
2071,V45,Other postprocedural states,Supplementary Classification Of Factors Influencing Health Status And Contact With Health Services,Persons With A Condition Influencing Their Health Status
2072,V46,Other dependence on machines and devices,Supplementary Classification Of Factors Influencing Health Status And Contact With Health Services,Persons With A Condition Influencing Their Health Status
2073,V47,Other problems with internal organs,Supplementary Classification Of Factors Influencing Health Status And Contact With Health Services,Persons With A Condition Influencing Their Health Status
2074,V48,Problems with head neck and trunk,Supplementary Classification Of Factors Influencing Health Status And Contact With Health Services,Persons With A Condition Influencing Their Health Status
2075,V49,Other conditions influencing health status,Supplementary Classification Of Factors Influencing Health Status And Contact With Health Services,Persons With A Condition Influencing Their Health Status
2076,V50,Elective surgery for purposes other than remedying health states,Supplementary Classification Of Factors Influencing Health Status And Contact With Health Services,Persons Encountering Health Services For Specific Procedures And Aftercare
2077,V51,Aftercare involving the use of plastic surgery,Supplementary Classification Of Factors Influencing Health Status And Contact With Health Services,Persons Encountering Health Services For Specific Procedures And Aftercare
2078,V52,Fitting and adjustment of prosthetic device,Supplementary Classification Of Factors Influencing Health Status And Contact With Health Services,Persons Encountering Health Services For Specific Procedures And Aftercare
2079,V53,Fitting and adjustment of other device,Supplementary Classification Of Factors Influencing Health Status And Contact With Health Services,Persons Encountering Health Services For Specific Procedures And Aftercare
2080,V54,Other orthopedic aftercare,Supplementary Classification Of Factors Influencing Health Status And Contact With Health Services,Persons Encountering Health Services For Specific Procedures And Aftercare
2081,V55,Attention to artificial openings,Supplementary Classification Of Factors Influencing Health Status And Contact With Health Services,Persons Encountering Health Services For Specific Procedures And Aftercare
2082,V56,Encounter for dialysis and dialysis catheter care,Supplementary Classification Of Factors Influencing Health Status And Contact With Health Services,Persons Encountering Health Services For Specific Procedures And Aftercare
2083,V57,Care involving use of rehabilitation procedures,Supplementary Classification Of Factors Influencing Health Status And Contact With Health Services,Persons Encountering Health Services For Specific Procedures And Aftercare
2084,V58,Encounter for other and unspecified procedures and aftercare,Supplementary Classification Of Factors Influencing Health Status And Contact With Health Services,Persons Encountering Health Services For Specific Procedures And Aftercare
2085,V59,Donors,Supplementary Classification Of Factors Influencing Health Status And Contact With Health Services,Persons Encountering Health Services For Specific Procedures And Aftercare
2086,V60,Housing household and economic circumstances,Supplementary Classification Of Factors Influencing Health Status And Contact With Health Services,Persons Encountering Health Services In Other Circumstances
2087,V61,Other family circumstances,Supplementary Classification Of Factors Influencing Health Status And Contact With Health Services,Persons Encountering Health Services In Other Circumstances
2088,V62,Other psychosocial circumstances,Supplementary Classification Of Factors Influencing Health Status And Contact With Health Services,Persons Encountering Health Services In Other Circumstances
2089,V63,Unavailability of other medical facilities for care,Supplementary Classification Of Factors Influencing Health Status And Contact With Health Services,Persons Encountering Health Services In Other Circumstances
2090,V64,Persons encountering health services for specific procedures not carried out,Supplementary Classification Of Factors Influencing Health Status And Contact With Health Services,Persons Encountering Health Services In Other Circumstances
2091,V65,Other persons seeking consultation,Supplementary Classification Of Factors Influencing Health Status And Contact With Health Services,Persons Encountering Health Services In Other Circumstances
2092,V66,Convalescence and palliative care,Supplementary Classification Of Factors Influencing Health Status And Contact With Health Services,Persons Encountering Health Services In Other Circumstances
2093,V67,Follow-up examination,Supplementary Classification Of Factors Influencing Health Status And Contact With Health Services,Persons Encountering Health Services In Other Circumstances
2094,V68,Encounters for administrative purposes,Supplementary Classification Of Factors Influencing Health Status And Contact With Health Services,Persons Encountering Health Services In Other Circumstances
2095,V69,Problems related to lifestyle,Supplementary Classification Of Factors Influencing Health Status And Contact With Health Services,Persons Encountering Health Services In Other Circumstances
2096,V70,General medical examination,Supplementary Classification Of Factors Influencing Health Status And Contact With Health Services,Persons Without Reported Diagnosis Encountered During Examination And Investigation Of Individuals And Populations
2097,V71,Observation and evaluation for suspected conditions not found,Supplementary Classification Of Factors Influencing Health Status And Contact With Health Services,Persons Without Reported Diagnosis Encountered During Examination And Investigation Of Individuals And Populations
2098,V72,Special investigations and examinations,Supplementary Classification Of Factors Influencing Health Status And Contact With Health Services,Persons Without Reported Diagnosis Encountered During Examination And Investigation Of Individuals And Populations
2099,V73,Special screening examination for viral and chlamydial diseases,Supplementary Classification Of Factors Influencing Health Status And Contact With Health Services,Persons Without Reported Diagnosis Encountered During Examination And Investigation Of Individuals And Populations
2100,V74,Special screening examination for bacterial and spirochetal diseases,Supplementary Classification Of Factors Influencing Health Status And Contact With Health Services,Persons Without Reported Diagnosis Encountered During Examination And Investigation Of Individuals And Populations
2101,V75,Special screening examination for other infectious diseases,Supplementary Classification Of Factors Influencing Health Status And Contact With Health Services,Persons Without Reported Diagnosis Encountered During Examination And Investigation Of Individuals And Populations
2102,V76,Special screening for malignant neoplasms,Supplementary Classification Of Factors Influencing Health Status And Contact With Health Services,Persons Without Reported Diagnosis Encountered During Examination And Investigation Of Individuals And Populations
2103,V77,Special screening for endocrine nutritional metabolic and immunity disorders,Supplementary Classification Of Factors Influencing Health Status And Contact With Health Services,Persons Without Reported Diagnosis Encountered During Examination And Investigation Of Individuals And Populations
2104,V78,Special screening for disorders of blood and blood-forming organs,Supplementary Classification Of Factors Influencing Health Status And Contact With Health Services,Persons Without Reported Diagnosis Encountered During Examination And Investigation Of Individuals And Populations
2105,V79,Special screening for mental disorders and developmental handicaps,Supplementary Classification Of Factors Influencing Health Status And Contact With Health Services,Persons Without Reported Diagnosis Encountered During Examination And Investigation Of Individuals And Populations
2106,V80,Special screening for neurological eye and ear diseases,Supplementary Classification Of Factors Influencing Health Status And Contact With Health Services,Persons Without Reported Diagnosis Encountered During Examination And Investigation Of Individuals And Populations
2107,V81,Special screening for cardiovascular respiratory and genitourinary diseases,Supplementary Classification Of Factors Influencing Health Status And Contact With Health Services,Persons Without Reported Diagnosis Encountered During Examination And Investigation Of Individuals And Populations
2108,V82,Special screening for other conditions,Supplementary Classification Of Factors Influencing Health Status And Contact With Health Services,Persons Without Reported Diagnosis Encountered During Examination And Investigation Of Individuals And Populations
2109,V83,Genetic carrier status,Supplementary Classification Of Factors Influencing Health Status And Contact With Health Services,Genetics
2110,V84,Genetic susceptibility to disease,Supplementary Classification Of Factors Influencing Health Status And Contact With Health Services,Genetics
2111,V85,Body mass index (bmi),Supplementary Classification Of Factors Influencing Health Status And Contact With Health Services,Body Mass Index
2112,V86,Estrogen receptor status,Supplementary Classification Of Factors Influencing Health Status And Contact With Health Services,Estrogen Receptor Status
2113,V87,Other specified personal exposures and history presenting hazards to health,Supplementary Classification Of Factors Influencing Health Status And Contact With Health Services,Other Specified Personal Exposures And History Presenting Hazards To Health
2114,V88,Acquired absence of other organs and tissue,Supplementary Classification Of Factors Influencing Health Status And Contact With Health Services,Acquired Absence Of Other Organs And Tissue
2115,V89,Other suspected conditions not found,Supplementary Classification Of Factors Influencing Health Status And Contact With Health Services,Other Suspected Conditions Not Found
2116,V90,Retained foreign body,Supplementary Classification Of Factors Influencing Health Status And Contact With Health Services,Retained Foreign Body
2117,V91,Multiple gestation placenta status,Supplementary Classification Of Factors Influencing Health Status And Contact With Health Services,Multiple Gestation Placenta Status
2118,E000,External cause status,Supplementary Classification Of External Causes Of Injury And Poisoning,External Cause Status
2119,E001,Activities involving walking and running,Supplementary Classification Of External Causes Of Injury And Poisoning,Activity
2120,E002,Activities involving water and water craft,Supplementary Classification Of External Causes Of Injury And Poisoning,Activity
2121,E003,Activities involving snow and ice,Supplementary Classification Of External Causes Of Injury And Poisoning,Activity
2122,E004,"Activities involving climbing, rappelling and jumping off",Supplementary Classification Of External Causes Of Injury And Poisoning,Activity
2123,E005,Activities involving dancing and other rhythmic movement,Supplementary Classification Of External Causes Of Injury And Poisoning,Activity
2124,E006,Activities involving other sports and athletics played individually,Supplementary Classification Of External Causes Of Injury And Poisoning,Activity
2125,E007,Activities involving other sports and athletics played as a team or group,Supplementary Classification Of External Causes Of Injury And Poisoning,Activity
2126,E008,Activities involving other specified sports and athletics,Supplementary Classification Of External Causes Of Injury And Poisoning,Activity
2127,E009,Activity involving other cardiorespiratory exercise,Supplementary Classification Of External Causes Of Injury And Poisoning,Activity
2128,E010,Activity involving other muscle strengthening exercises,Supplementary Classification Of External Causes Of Injury And Poisoning,Activity
2129,E011,Activities involving computer technology and electronic devices,Supplementary Classification Of External Causes Of Injury And Poisoning,Activity
2130,E012,Activities involving arts and handcrafts,Supplementary Classification Of External Causes Of Injury And Poisoning,Activity
2131,E013,Activities involving personal hygiene and household maintenance,Supplementary Classification Of External Causes Of Injury And Poisoning,Activity
2132,E014,Activities involving person providing caregiving,Supplementary Classification Of External Causes Of Injury And Poisoning,Activity
2133,E015,"Activities involving food preparation, cooking and grilling",Supplementary Classification Of External Causes Of Injury And Poisoning,Activity
2134,E016,"Activities involving property and land maintenance, building and construction",Supplementary Classification Of External Causes Of Injury And Poisoning,Activity
2135,E017,Activities involving roller coasters and other types of external motion,Supplementary Classification Of External Causes Of Injury And Poisoning,Activity
2136,E018,Activities involving playing musical instrument,Supplementary Classification Of External Causes Of Injury And Poisoning,Activity
2137,E019,Activities involving animal care,Supplementary Classification Of External Causes Of Injury And Poisoning,Activity
2138,E029,Other activity,Supplementary Classification Of External Causes Of Injury And Poisoning,Activity
2139,E030,Unspecified activity,Supplementary Classification Of External Causes Of Injury And Poisoning,Activity
2140,E800,Railway accident involving collision with rolling stock,Supplementary Classification Of External Causes Of Injury And Poisoning,Railway Accidents
2141,E801,Railway accident involving collision with other object,Supplementary Classification Of External Causes Of Injury And Poisoning,Railway Accidents
2142,E802,Railway accident involving derailment without antecedent collision,Supplementary Classification Of External Causes Of Injury And Poisoning,Railway Accidents
2143,E803,Railway accident involving explosion fire or burning,Supplementary Classification Of External Causes Of Injury And Poisoning,Railway Accidents
2144,E804,Fall in on or from railway train,Supplementary Classification Of External Causes Of Injury And Poisoning,Railway Accidents
2145,E805,Hit by rolling stock,Supplementary Classification Of External Causes Of Injury And Poisoning,Railway Accidents
2146,E806,Other specified railway accident,Supplementary Classification Of External Causes Of Injury And Poisoning,Railway Accidents
2147,E807,Railway accident of unspecified nature,Supplementary Classification Of External Causes Of Injury And Poisoning,Railway Accidents
2148,E810,Motor vehicle traffic accident involving collision with train,Supplementary Classification Of External Causes Of Injury And Poisoning,Motor Vehicle Traffic Accidents
2149,E811,Motor vehicle traffic accident involving re-entrant collision with another motor vehicle,Supplementary Classification Of External Causes Of Injury And Poisoning,Motor Vehicle Traffic Accidents
2150,E812,Other motor vehicle traffic accident involving collision with motor vehicle,Supplementary Classification Of External Causes Of Injury And Poisoning,Motor Vehicle Traffic Accidents
2151,E813,Motor vehicle traffic accident involving collision with other vehicle,Supplementary Classification Of External Causes Of Injury And Poisoning,Motor Vehicle Traffic Accidents
2152,E814,Motor vehicle traffic accident involving collision with pedestrian,Supplementary Classification Of External Causes Of Injury And Poisoning,Motor Vehicle Traffic Accidents
2153,E815,Other motor vehicle traffic accident involving collision on the highway,Supplementary Classification Of External Causes Of Injury And Poisoning,Motor Vehicle Traffic Accidents
2154,E816,Motor vehicle traffic accident due to loss of control without collision on the highway,Supplementary Classification Of External Causes Of Injury And Poisoning,Motor Vehicle Traffic Accidents
2155,E817,Noncollision motor vehicle traffic accident while boarding or alighting,Supplementary Classification Of External Causes Of Injury And Poisoning,Motor Vehicle Traffic Accidents
2156,E818,Other noncollision motor vehicle traffic accident,Supplementary Classification Of External Causes Of Injury And Poisoning,Motor Vehicle Traffic Accidents
2157,E819,Motor vehicle traffic accident of unspecified nature,Supplementary Classification Of External Causes Of Injury And Poisoning,Motor Vehicle Traffic Accidents
2158,E820,Nontraffic accident involving motor-driven snow vehicle,Supplementary Classification Of External Causes Of Injury And Poisoning,Motor Vehicle Nontraffic Accidents
2159,E821,Nontraffic accident involving other off-road motor vehicle,Supplementary Classification Of External Causes Of Injury And Poisoning,Motor Vehicle Nontraffic Accidents
2160,E822,Other motor vehicle nontraffic accident involving collision with moving object,Supplementary Classification Of External Causes Of Injury And Poisoning,Motor Vehicle Nontraffic Accidents
2161,E823,Other motor vehicle nontraffic accident involving collision with stationary object,Supplementary Classification Of External Causes Of Injury And Poisoning,Motor Vehicle Nontraffic Accidents
2162,E824,Other motor vehicle nontraffic accident while boarding and alighting,Supplementary Classification Of External Causes Of Injury And Poisoning,Motor Vehicle Nontraffic Accidents
2163,E825,Other motor vehicle nontraffic accident of other and unspecified nature,Supplementary Classification Of External Causes Of Injury And Poisoning,Motor Vehicle Nontraffic Accidents
2164,E826,Pedal cycle accident,Supplementary Classification Of External Causes Of Injury And Poisoning,Other Road Vehicle Accidents
2165,E827,Animal-drawn vehicle accident,Supplementary Classification Of External Causes Of Injury And Poisoning,Other Road Vehicle Accidents
2166,E828,Accident involving animal being ridden,Supplementary Classification Of External Causes Of Injury And Poisoning,Other Road Vehicle Accidents
2167,E829,Other road vehicle accidents,Supplementary Classification Of External Causes Of Injury And Poisoning,Other Road Vehicle Accidents
2168,E830,Accident to watercraft causing submersion,Supplementary Classification Of External Causes Of Injury And Poisoning,Water Transport Accidents
2169,E831,Accident to watercraft causing other injury,Supplementary Classification Of External Causes Of Injury And Poisoning,Water Transport Accidents
2170,E832,Other accidental submersion or drowning in water transport accident,Supplementary Classification Of External Causes Of Injury And Poisoning,Water Transport Accidents
2171,E833,Fall on stairs or ladders in water transport,Supplementary Classification Of External Causes Of Injury And Poisoning,Water Transport Accidents
2172,E834,Other fall from one level to another in water transport,Supplementary Classification Of External Causes Of Injury And Poisoning,Water Transport Accidents
2173,E835,Other and unspecified fall in water transport,Supplementary Classification Of External Causes Of Injury And Poisoning,Water Transport Accidents
2174,E836,Machinery accident in water transport,Supplementary Classification Of External Causes Of Injury And Poisoning,Water Transport Accidents
2175,E837,Explosion fire or burning in watercraft,Supplementary Classification Of External Causes Of Injury And Poisoning,Water Transport Accidents
2176,E838,Other and unspecified water transport accident,Supplementary Classification Of External Causes Of Injury And Poisoning,Water Transport Accidents
2177,E840,Accident to powered aircraft at takeoff or landing,Supplementary Classification Of External Causes Of Injury And Poisoning,Air And Space Transport Accidents
2178,E841,Accident to powered aircraft other and unspecified,Supplementary Classification Of External Causes Of Injury And Poisoning,Air And Space Transport Accidents
2179,E842,Accident to unpowered aircraft,Supplementary Classification Of External Causes Of Injury And Poisoning,Air And Space Transport Accidents
2180,E843,Fall in on or from aircraft,Supplementary Classification Of External Causes Of Injury And Poisoning,Air And Space Transport Accidents
2181,E844,Other specified air transport accidents,Supplementary Classification Of External Causes Of Injury And Poisoning,Air And Space Transport Accidents
2182,E845,Accident involving spacecraft,Supplementary Classification Of External Causes Of Injury And Poisoning,Air And Space Transport Accidents
2183,E846,Accidents involving powered vehicles used solely within the buildings and premises of industrial or commercial establishment,Supplementary Classification Of External Causes Of Injury And Poisoning,"Vehicle Accidents, Not Elsewhere Classifiable"
2184,E847,Accidents involving cable cars not running on rails,Supplementary Classification Of External Causes Of Injury And Poisoning,"Vehicle Accidents, Not Elsewhere Classifiable"
2185,E848,"Accidents involving other vehicles, not elsewhere classifiable",Supplementary Classification Of External Causes Of Injury And Poisoning,"Vehicle Accidents, Not Elsewhere Classifiable"
2186,E849,Place of occurrence,Supplementary Classification Of External Causes Of Injury And Poisoning,"Vehicle Accidents, Not Elsewhere Classifiable"
2187,E850,Accidental poisoning by analgesics antipyretics and antirheumatics,Supplementary Classification Of External Causes Of Injury And Poisoning,"Accidental Poisoning By Drugs, Medicinal Substances, And Biologicals"
2188,E851,Accidental poisoning by barbiturates,Supplementary Classification Of External Causes Of Injury And Poisoning,"Accidental Poisoning By Drugs, Medicinal Substances, And Biologicals"
2189,E852,Accidental poisoning by other sedatives and hypnotics,Supplementary Classification Of External Causes Of Injury And Poisoning,"Accidental Poisoning By Drugs, Medicinal Substances, And Biologicals"
2190,E853,Accidental poisoning by tranquilizers,Supplementary Classification Of External Causes Of Injury And Poisoning,"Accidental Poisoning By Drugs, Medicinal Substances, And Biologicals"
2191,E854,Accidental poisoning by other psychotropic agents,Supplementary Classification Of External Causes Of Injury And Poisoning,"Accidental Poisoning By Drugs, Medicinal Substances, And Biologicals"
2192,E855,Accidental poisoning by other drugs acting on central and autonomic nervous system,Supplementary Classification Of External Causes Of Injury And Poisoning,"Accidental Poisoning By Drugs, Medicinal Substances, And Biologicals"
2193,E856,Accidental poisoning by antibiotics,Supplementary Classification Of External Causes Of Injury And Poisoning,"Accidental Poisoning By Drugs, Medicinal Substances, And Biologicals"
2194,E857,Accidental poisoning by other anti-infectives,Supplementary Classification Of External Causes Of Injury And Poisoning,"Accidental Poisoning By Drugs, Medicinal Substances, And Biologicals"
2195,E858,Accidental poisoning by other drugs,Supplementary Classification Of External Causes Of Injury And Poisoning,"Accidental Poisoning By Drugs, Medicinal Substances, And Biologicals"
2196,E860,Accidental poisoning by alcohol not elsewhere classified,Supplementary Classification Of External Causes Of Injury And Poisoning,"Accidental Poisoning By Other Solid And Liquid Substances, Gases, And Vapors"
2197,E861,Accidental poisoning by cleansing and polishing agents disinfectants paints and varnishes,Supplementary Classification Of External Causes Of Injury And Poisoning,"Accidental Poisoning By Other Solid And Liquid Substances, Gases, And Vapors"
2198,E862,Accidental poisoning by petroleum products other solvents and their vapors not elsewhere classified,Supplementary Classification Of External Causes Of Injury And Poisoning,"Accidental Poisoning By Other Solid And Liquid Substances, Gases, And Vapors"
2199,E863,Accidental poisoning by agricultural and horticultural chemical and pharmaceutical preparations other than plant foods and fertilizers,Supplementary Classification Of External Causes Of Injury And Poisoning,"Accidental Poisoning By Other Solid And Liquid Substances, Gases, And Vapors"
2200,E864,Accidental poisoning by corrosives and caustics not elsewhere classified,Supplementary Classification Of External Causes Of Injury And Poisoning,"Accidental Poisoning By Other Solid And Liquid Substances, Gases, And Vapors"
2201,E865,Accidental poisoning from foodstuffs and poisonous plants,Supplementary Classification Of External Causes Of Injury And Poisoning,"Accidental Poisoning By Other Solid And Liquid Substances, Gases, And Vapors"
2202,E866,Accidental poisoning by other and unspecified solid and liquid substances,Supplementary Classification Of External Causes Of Injury And Poisoning,"Accidental Poisoning By Other Solid And Liquid Substances, Gases, And Vapors"
2203,E867,Accidental poisoning by gas distributed by pipeline,Supplementary Classification Of External Causes Of Injury And Poisoning,"Accidental Poisoning By Other Solid And Liquid Substances, Gases, And Vapors"
2204,E868,Accidental poisoning by other utility gas and other carbon monoxide,Supplementary Classification Of External Causes Of Injury And Poisoning,"Accidental Poisoning By Other Solid And Liquid Substances, Gases, And Vapors"
2205,E869,Accidental poisoning by other gases and vapors,Supplementary Classification Of External Causes Of Injury And Poisoning,"Accidental Poisoning By Other Solid And Liquid Substances, Gases, And Vapors"
2206,E870,Accidental cut puncture perforation or hemorrhage during medical care,Supplementary Classification Of External Causes Of Injury And Poisoning,Misadventures To Patients During Surgical And Medical Care
2207,E871,Foreign object left in body during procedure,Supplementary Classification Of External Causes Of Injury And Poisoning,Misadventures To Patients During Surgical And Medical Care
2208,E872,Failure of sterile precautions during procedure,Supplementary Classification Of External Causes Of Injury And Poisoning,Misadventures To Patients During Surgical And Medical Care
2209,E873,Failure in dosage,Supplementary Classification Of External Causes Of Injury And Poisoning,Misadventures To Patients During Surgical And Medical Care
2210,E874,Mechanical failure of instrument or apparatus during procedure,Supplementary Classification Of External Causes Of Injury And Poisoning,Misadventures To Patients During Surgical And Medical Care
2211,E875,Contaminated or infected blood other fluid drug or biological substance,Supplementary Classification Of External Causes Of Injury And Poisoning,Misadventures To Patients During Surgical And Medical Care
2212,E876,Other and unspecified misadventures during medical care,Supplementary Classification Of External Causes Of Injury And Poisoning,Misadventures To Patients During Surgical And Medical Care
2213,E878,Surgical operation and other surgical procedures as the cause of abnormal reaction of patient or of later complication without mention of misadventure at the time of operation,Supplementary Classification Of External Causes Of Injury And Poisoning,"Surgical And Medical Procedures As The Cause Of Abnormal Reaction Of Patient Or Later Complication, Without Mention Of Misadventure At The Time Of Procedure"
2214,E879,Other procedures without mention of misadventure at the time of procedure as the cause of abnormal reaction of patient or of later complication,Supplementary Classification Of External Causes Of Injury And Poisoning,"Surgical And Medical Procedures As The Cause Of Abnormal Reaction Of Patient Or Later Complication, Without Mention Of Misadventure At The Time Of Procedure"
2215,E880,Accidental fall on or from stairs or steps,Supplementary Classification Of External Causes Of Injury And Poisoning,Accidental Falls
2216,E881,Accidental fall on or from ladders or scaffolding,Supplementary Classification Of External Causes Of Injury And Poisoning,Accidental Falls
2217,E882,Accidental fall from or out of building or other structure,Supplementary Classification Of External Causes Of Injury And Poisoning,Accidental Falls
2218,E883,Accidental fall into hole or other opening in surface,Supplementary Classification Of External Causes Of Injury And Poisoning,Accidental Falls
2219,E884,Other accidental falls from one level to another,Supplementary Classification Of External Causes Of Injury And Poisoning,Accidental Falls
2220,E885,Accidental fall on same level from slipping tripping or stumbling,Supplementary Classification Of External Causes Of Injury And Poisoning,Accidental Falls
2221,E886,"Fall on same level from collision, pushing, or shoving, by or with other person",Supplementary Classification Of External Causes Of Injury And Poisoning,Accidental Falls
2222,E887,"Fracture, cause unspecified",Supplementary Classification Of External Causes Of Injury And Poisoning,Accidental Falls
2223,E888,Other and unspecified fall,Supplementary Classification Of External Causes Of Injury And Poisoning,Accidental Falls
2224,E890,Conflagration in private dwelling,Supplementary Classification Of External Causes Of Injury And Poisoning,Accidents Caused By Fire And Flames
2225,E891,Conflagration in other and unspecified building or structure,Supplementary Classification Of External Causes Of Injury And Poisoning,Accidents Caused By Fire And Flames
2226,E892,Conflagration not in building or structure,Supplementary Classification Of External Causes Of Injury And Poisoning,Accidents Caused By Fire And Flames
2227,E893,Accident caused by ignition of clothing,Supplementary Classification Of External Causes Of Injury And Poisoning,Accidents Caused By Fire And Flames
2228,E894,Ignition of highly inflammable material,Supplementary Classification Of External Causes Of Injury And Poisoning,Accidents Caused By Fire And Flames
2229,E895,Accident caused by controlled fire in private dwelling,Supplementary Classification Of External Causes Of Injury And Poisoning,Accidents Caused By Fire And Flames
2230,E896,Accident caused by controlled fire in other and unspecified building or structure,Supplementary Classification Of External Causes Of Injury And Poisoning,Accidents Caused By Fire And Flames
2231,E897,Accident caused by controlled fire not in building or structure,Supplementary Classification Of External Causes Of Injury And Poisoning,Accidents Caused By Fire And Flames
2232,E898,Accident caused by other specified fire and flames,Supplementary Classification Of External Causes Of Injury And Poisoning,Accidents Caused By Fire And Flames
2233,E899,Accident caused by unspecified fire,Supplementary Classification Of External Causes Of Injury And Poisoning,Accidents Caused By Fire And Flames
2234,E900,Accident caused by excessive heat,Supplementary Classification Of External Causes Of Injury And Poisoning,Accidents Due To Natural And Environmental Factors
2235,E901,Accidents due to excessive cold,Supplementary Classification Of External Causes Of Injury And Poisoning,Accidents Due To Natural And Environmental Factors
2236,E902,Accident due to high and low air pressure and changes in air pressure,Supplementary Classification Of External Causes Of Injury And Poisoning,Accidents Due To Natural And Environmental Factors
2237,E903,Accident caused by travel and motion,Supplementary Classification Of External Causes Of Injury And Poisoning,Accidents Due To Natural And Environmental Factors
2238,E904,Accident due to hunger thirst exposure and neglect,Supplementary Classification Of External Causes Of Injury And Poisoning,Accidents Due To Natural And Environmental Factors
2239,E905,Venomous animals and plants as the cause of poisoning and toxic reactions,Supplementary Classification Of External Causes Of Injury And Poisoning,Accidents Due To Natural And Environmental Factors
2240,E906,Other injury caused by animals,Supplementary Classification Of External Causes Of Injury And Poisoning,Accidents Due To Natural And Environmental Factors
2241,E907,Accident due to lightning,Supplementary Classification Of External Causes Of Injury And Poisoning,Accidents Due To Natural And Environmental Factors
2242,E908,Accident due to cataclysmic storms and floods resulting from storms,Supplementary Classification Of External Causes Of Injury And Poisoning,Accidents Due To Natural And Environmental Factors
2243,E909,Accident due to cataclysmic earth surface movements and eruptions,Supplementary Classification Of External Causes Of Injury And Poisoning,Accidents Due To Natural And Environmental Factors
2244,E910,Accidental drowning and submersion,Supplementary Classification Of External Causes Of Injury And Poisoning,"Accidents Caused By Submersion, Suffocation, And Foreign Bodies"
2245,E911,Inhalation and ingestion of food causing obstruction of respiratory tract or suffocation,Supplementary Classification Of External Causes Of Injury And Poisoning,"Accidents Caused By Submersion, Suffocation, And Foreign Bodies"
2246,E912,Inhalation and ingestion of other object causing obstruction of respiratory tract or suffocation,Supplementary Classification Of External Causes Of Injury And Poisoning,"Accidents Caused By Submersion, Suffocation, And Foreign Bodies"
2247,E913,Accidental mechanical suffocation,Supplementary Classification Of External Causes Of Injury And Poisoning,"Accidents Caused By Submersion, Suffocation, And Foreign Bodies"
2248,E914,Foreign body accidentally entering eye and adnexa,Supplementary Classification Of External Causes Of Injury And Poisoning,"Accidents Caused By Submersion, Suffocation, And Foreign Bodies"
2249,E915,Foreign body accidentally entering other orifice,Supplementary Classification Of External Causes Of Injury And Poisoning,"Accidents Caused By Submersion, Suffocation, And Foreign Bodies"
2250,E916,Struck accidentally by falling object,Supplementary Classification Of External Causes Of Injury And Poisoning,Other Accidents
2251,E917,Striking against or struck accidentally by objects or persons,Supplementary Classification Of External Causes Of Injury And Poisoning,Other Accidents
2252,E918,Caught accidentally in or between objects,Supplementary Classification Of External Causes Of Injury And Poisoning,Other Accidents
2253,E919,Accidents caused by machinery,Supplementary Classification Of External Causes Of Injury And Poisoning,Other Accidents
2254,E920,Accidents caused by cutting and piercing instruments or objects,Supplementary Classification Of External Causes Of Injury And Poisoning,Other Accidents
2255,E921,Accident caused by explosion of pressure vessel,Supplementary Classification Of External Causes Of Injury And Poisoning,Other Accidents
2256,E922,Accident caused by firearm and air gun missile,Supplementary Classification Of External Causes Of Injury And Poisoning,Other Accidents
2257,E923,Accident caused by explosive material,Supplementary Classification Of External Causes Of Injury And Poisoning,Other Accidents
2258,E924,Accident caused by hot substance or object caustic or corrosive material and steam,Supplementary Classification Of External Causes Of Injury And Poisoning,Other Accidents
2259,E925,Accident caused by electric current,Supplementary Classification Of External Causes Of Injury And Poisoning,Other Accidents
2260,E926,Exposure to radiation,Supplementary Classification Of External Causes Of Injury And Poisoning,Other Accidents
2261,E927,Overexertion and strenuous movements,Supplementary Classification Of External Causes Of Injury And Poisoning,Other Accidents
2262,E928,Other and unspecified environmental and accidental causes,Supplementary Classification Of External Causes Of Injury And Poisoning,Other Accidents
2263,E929,Late effects of accidental injury,Supplementary Classification Of External Causes Of Injury And Poisoning,Late Effects Of Accidental Injury
2264,E930,Antibiotics causing adverse effects in therapeutic use,Supplementary Classification Of External Causes Of Injury And Poisoning,"Drugs, Medicinal And Biological Substances Causing Adverse Effects In Therapeutic Use"
2265,E931,Other anti-infectives causing adverse effects in therapeutic use,Supplementary Classification Of External Causes Of Injury And Poisoning,"Drugs, Medicinal And Biological Substances Causing Adverse Effects In Therapeutic Use"
2266,E932,Hormones and synthetic substitutes causing adverse effects in therapeutic use,Supplementary Classification Of External Causes Of Injury And Poisoning,"Drugs, Medicinal And Biological Substances Causing Adverse Effects In Therapeutic Use"
2267,E933,Primarily systemic agents causing adverse effects in therapeutic use,Supplementary Classification Of External Causes Of Injury And Poisoning,"Drugs, Medicinal And Biological Substances Causing Adverse Effects In Therapeutic Use"
2268,E934,Agents primarily affecting blood constituents causing adverse effects in therapeutic use,Supplementary Classification Of External Causes Of Injury And Poisoning,"Drugs, Medicinal And Biological Substances Causing Adverse Effects In Therapeutic Use"
2269,E935,Analgesics antipyretics and antirheumatics causing adverse effects in therapeutic use,Supplementary Classification Of External Causes Of Injury And Poisoning,"Drugs, Medicinal And Biological Substances Causing Adverse Effects In Therapeutic Use"
2270,E936,Anticonvulsants and anti-parkinsonism drugs causing adverse effects in therapeutic use,Supplementary Classification Of External Causes Of Injury And Poisoning,"Drugs, Medicinal And Biological Substances Causing Adverse Effects In Therapeutic Use"
2271,E937,Sedatives and hypnotics causing adverse effects in therapeutic use,Supplementary Classification Of External Causes Of Injury And Poisoning,"Drugs, Medicinal And Biological Substances Causing Adverse Effects In Therapeutic Use"
2272,E938,Other central nervous system depressants and anesthetics causing adverse effects in therapeutic use,Supplementary Classification Of External Causes Of Injury And Poisoning,"Drugs, Medicinal And Biological Substances Causing Adverse Effects In Therapeutic Use"
2273,E939,Psychotropic agents causing adverse effects in therapeutic use,Supplementary Classification Of External Causes Of Injury And Poisoning,"Drugs, Medicinal And Biological Substances Causing Adverse Effects In Therapeutic Use"
2274,E940,Central nervous system stimulants causing adverse effects in therapeutic use,Supplementary Classification Of External Causes Of Injury And Poisoning,"Drugs, Medicinal And Biological Substances Causing Adverse Effects In Therapeutic Use"
2275,E941,Drugs primarily affecting the autonomic nervous system causing adverse effects in therapeutic use,Supplementary Classification Of External Causes Of Injury And Poisoning,"Drugs, Medicinal And Biological Substances Causing Adverse Effects In Therapeutic Use"
2276,E942,Agents primarily affecting the cardiovascular system causing adverse effects in therapeutic use,Supplementary Classification Of External Causes Of Injury And Poisoning,"Drugs, Medicinal And Biological Substances Causing Adverse Effects In Therapeutic Use"
2277,E943,Agents primarily affecting gastrointestinal system causing adverse effects in therapeutic use,Supplementary Classification Of External Causes Of Injury And Poisoning,"Drugs, Medicinal And Biological Substances Causing Adverse Effects In Therapeutic Use"
2278,E944,Water mineral and uric acid metabolism drugs causing adverse effects in therapeutic use,Supplementary Classification Of External Causes Of Injury And Poisoning,"Drugs, Medicinal And Biological Substances Causing Adverse Effects In Therapeutic Use"
2279,E945,Agents primarily acting on the smooth and skeletal muscles and respiratory system causing adverse effects in therapeutic use,Supplementary Classification Of External Causes Of Injury And Poisoning,"Drugs, Medicinal And Biological Substances Causing Adverse Effects In Therapeutic Use"
2280,E946,Agents primarily affecting skin and mucous membrane ophthalmological otorhinolaryngological and dental drugs causing adverse effects in therapeutic use,Supplementary Classification Of External Causes Of Injury And Poisoning,"Drugs, Medicinal And Biological Substances Causing Adverse Effects In Therapeutic Use"
2281,E947,Other and unspecified drugs and medicinal substances causing adverse effects in therapeutic use,Supplementary Classification Of External Causes Of Injury And Poisoning,"Drugs, Medicinal And Biological Substances Causing Adverse Effects In Therapeutic Use"
2282,E948,Bacterial vaccines causing adverse effects in therapeutic use,Supplementary Classification Of External Causes Of Injury And Poisoning,"Drugs, Medicinal And Biological Substances Causing Adverse Effects In Therapeutic Use"
2283,E949,Other vaccines and biological substances causing adverse effects in therapeutic use,Supplementary Classification Of External Causes Of Injury And Poisoning,"Drugs, Medicinal And Biological Substances Causing Adverse Effects In Therapeutic Use"
2284,E950,Suicide and self-inflicted poisoning by solid or liquid substances,Supplementary Classification Of External Causes Of Injury And Poisoning,Suicide And Self-Inflicted Injury
2285,E951,Suicide and self-inflicted poisoning by gases in domestic use,Supplementary Classification Of External Causes Of Injury And Poisoning,Suicide And Self-Inflicted Injury
2286,E952,Suicide and self-inflicted poisoning by other gases and vapors,Supplementary Classification Of External Causes Of Injury And Poisoning,Suicide And Self-Inflicted Injury
2287,E953,Suicide and self-inflicted injury by hanging strangulation and suffocation,Supplementary Classification Of External Causes Of Injury And Poisoning,Suicide And Self-Inflicted Injury
2288,E954,Suicide and self-inflicted injury by submersion [drowning],Supplementary Classification Of External Causes Of Injury And Poisoning,Suicide And Self-Inflicted Injury
2289,E955,Suicide and self-inflicted injury by firearms air guns and explosives,Supplementary Classification Of External Causes Of Injury And Poisoning,Suicide And Self-Inflicted Injury
2290,E956,Suicide and self-inflicted injury by cutting and piercing instrument,Supplementary Classification Of External Causes Of Injury And Poisoning,Suicide And Self-Inflicted Injury
2291,E957,Suicide and self-inflicted injuries by jumping from high place,Supplementary Classification Of External Causes Of Injury And Poisoning,Suicide And Self-Inflicted Injury
2292,E958,Suicide and self-inflicted injury by other and unspecified means,Supplementary Classification Of External Causes Of Injury And Poisoning,Suicide And Self-Inflicted Injury
2293,E959,Late effects of self-inflicted injury,Supplementary Classification Of External Causes Of Injury And Poisoning,Suicide And Self-Inflicted Injury
2294,E960,Fight brawl rape,Supplementary Classification Of External Causes Of Injury And Poisoning,Homicide And Injury Purposely Inflicted By Other Persons
2295,E961,"Assault by corrosive or caustic substance, except poisoning",Supplementary Classification Of External Causes Of Injury And Poisoning,Homicide And Injury Purposely Inflicted By Other Persons
2296,E962,Assault by poisoning,Supplementary Classification Of External Causes Of Injury And Poisoning,Homicide And Injury Purposely Inflicted By Other Persons
2297,E963,Assault by hanging and strangulation,Supplementary Classification Of External Causes Of Injury And Poisoning,Homicide And Injury Purposely Inflicted By Other Persons
2298,E964,Assault by submersion [drowning],Supplementary Classification Of External Causes Of Injury And Poisoning,Homicide And Injury Purposely Inflicted By Other Persons
2299,E965,Assault by firearms and explosives,Supplementary Classification Of External Causes Of Injury And Poisoning,Homicide And Injury Purposely Inflicted By Other Persons
2300,E966,Assault by cutting and piercing instrument,Supplementary Classification Of External Causes Of Injury And Poisoning,Homicide And Injury Purposely Inflicted By Other Persons
2301,E967,Perpetrator of child and adult abuse,Supplementary Classification Of External Causes Of Injury And Poisoning,Homicide And Injury Purposely Inflicted By Other Persons
2302,E968,Assault by other and unspecified means,Supplementary Classification Of External Causes Of Injury And Poisoning,Homicide And Injury Purposely Inflicted By Other Persons
2303,E969,Late effects of injury purposely inflicted by other person,Supplementary Classification Of External Causes Of Injury And Poisoning,Homicide And Injury Purposely Inflicted By Other Persons
2304,E970,Injury due to legal intervention by firearms,Supplementary Classification Of External Causes Of Injury And Poisoning,Legal Intervention
2305,E971,Injury due to legal intervention by explosives,Supplementary Classification Of External Causes Of Injury And Poisoning,Legal Intervention
2306,E972,Injury due to legal intervention by gas,Supplementary Classification Of External Causes Of Injury And Poisoning,Legal Intervention
2307,E973,Injury due to legal intervention by blunt object,Supplementary Classification Of External Causes Of Injury And Poisoning,Legal Intervention
2308,E974,Injury due to legal intervention by cutting and piercing instrument,Supplementary Classification Of External Causes Of Injury And Poisoning,Legal Intervention
2309,E975,Injury due to legal intervention by other specified means,Supplementary Classification Of External Causes Of Injury And Poisoning,Legal Intervention
2310,E976,Injury due to legal intervention by unspecified means,Supplementary Classification Of External Causes Of Injury And Poisoning,Legal Intervention
2311,E977,Late effects of injuries due to legal intervention,Supplementary Classification Of External Causes Of Injury And Poisoning,Legal Intervention
2312,E978,Legal execution,Supplementary Classification Of External Causes Of Injury And Poisoning,Legal Intervention
2313,E979,Terrorism,Supplementary Classification Of External Causes Of Injury And Poisoning,Legal Intervention
2314,E980,Poisoning by solid or liquid substances undetermined whether accidentally or purposely inflicted,Supplementary Classification Of External Causes Of Injury And Poisoning,Injury Undetermined Whether Accidentally Or Purposely Inflicted
2315,E981,Poisoning by gases in domestic use undetermined whether accidentally or purposely inflicted,Supplementary Classification Of External Causes Of Injury And Poisoning,Injury Undetermined Whether Accidentally Or Purposely Inflicted
2316,E982,Poisoning by other gases undetermined whether accidentally or purposely inflicted,Supplementary Classification Of External Causes Of Injury And Poisoning,Injury Undetermined Whether Accidentally Or Purposely Inflicted
2317,E983,Hanging strangulation or suffocation undetermined whether accidentally or purposely inflicted,Supplementary Classification Of External Causes Of Injury And Poisoning,Injury Undetermined Whether Accidentally Or Purposely Inflicted
2318,E984,"Submersion (drowning), undetermined whether accidentally or purposely inflicted",Supplementary Classification Of External Causes Of Injury And Poisoning,Injury Undetermined Whether Accidentally Or Purposely Inflicted
2319,E985,Injury by firearms air guns and explosives undetermined whether accidentally or purposely inflicted,Supplementary Classification Of External Causes Of Injury And Poisoning,Injury Undetermined Whether Accidentally Or Purposely Inflicted
2320,E986,"Injury by cutting and piercing instruments, undetermined whether accidentally or purposely inflicted",Supplementary Classification Of External Causes Of Injury And Poisoning,Injury Undetermined Whether Accidentally Or Purposely Inflicted
2321,E987,Falling from high place undetermined whether accidentally or purposely inflicted,Supplementary Classification Of External Causes Of Injury And Poisoning,Injury Undetermined Whether Accidentally Or Purposely Inflicted
2322,E988,Injury by other and unspecified means undetermined whether accidentally or purposely inflicted,Supplementary Classification Of External Causes Of Injury And Poisoning,Injury Undetermined Whether Accidentally Or Purposely Inflicted
2323,E989,"Late effects of injury, undetermined whether accidentally or purposely inflicted",Supplementary Classification Of External Causes Of Injury And Poisoning,Injury Undetermined Whether Accidentally Or Purposely Inflicted
2324,E990,Injury due to war operations by fires and conflagrations,Supplementary Classification Of External Causes Of Injury And Poisoning,Injury Resulting From Operations Of War
2325,E991,Injury due to war operations by bullets and fragments,Supplementary Classification Of External Causes Of Injury And Poisoning,Injury Resulting From Operations Of War
2326,E992,Injury due to war operations by explosion of marine weapons,Supplementary Classification Of External Causes Of Injury And Poisoning,Injury Resulting From Operations Of War
2327,E993,Injury due to war operations by other explosion,Supplementary Classification Of External Causes Of Injury And Poisoning,Injury Resulting From Operations Of War
2328,E994,Injury due to war operations by destruction of aircraft,Supplementary Classification Of External Causes Of Injury And Poisoning,Injury Resulting From Operations Of War
2329,E995,Injury due to war operations by other and unspecified forms of conventional warfare,Supplementary Classification Of External Causes Of Injury And Poisoning,Injury Resulting From Operations Of War
2330,E996,Injury due to war operations by nuclear weapons,Supplementary Classification Of External Causes Of Injury And Poisoning,Injury Resulting From Operations Of War
2331,E997,Injury due to war operations by other forms of unconventional warfare,Supplementary Classification Of External Causes Of Injury And Poisoning,Injury Resulting From Operations Of War
2332,E998,Injury due to war operations but occurring after cessation of hostilities,Supplementary Classification Of External Causes Of Injury And Poisoning,Injury Resulting From Operations Of War
2333,E999,Late effect of injury due to war operations and terrorism,Supplementary Classification Of External Causes Of Injury And Poisoning,Injury Resulting From Operations Of War
